timestamp	round	experiment_id	strategy	stage	decision	improvement_pct	baseline_score	experiment_score	avg_steps	avg_food	peak_length	snake_death_rate	description
2026-03-29T03:41:25.699678	7270	87a4d2ae	radical	6	discard	-0.6093	959.1	374.7	319	124	38	0.976	[radical] S6/APEX_PREDATOR: max_steps: 99999 -> 10000; death_snake: -30 -> -25.865743397588965; enemy_zone_control_reward: 0.0600 -> 0.0493; death_wall: -40 -> -33.053759755059176; enemy_alert_dist: 2000 -> 1751
2026-03-29T03:41:25.699847	7270	d7eb413d	explore	5	discard	-0.6031	959.1	380.7	323	127	41	0.988	[explore] S5/MASTERY_SURVIVAL: death_snake: -50 -> -57.592492888353505; enemy_alert_dist: 2000 -> 1639; mass_loss_penalty: 6.0000 -> 6.6129
2026-03-29T03:41:25.699915	7270	d5bf7f15	tweak	6	discard	-0.6325	959.1	352.5	295	125	41	0.992	[tweak] S6/APEX_PREDATOR: enemy_zone_control_reward: 0.0600 -> 0.0645
2026-03-29T03:41:25.699967	7270	d8ee1877	radical	4	discard	-0.5994	959.1	384.2	326	131	39	0.916	[radical] S4/MASS_MANAGEMENT: death_snake: -50 -> -37.885784361432904; death_wall: -35 -> -37.822829096526426; survival: 0.2000 -> 0.1147; food_reward: 8.0000 -> 6.5414; enemy_alert_dist: 2000 -> 2512
2026-03-29T10:33:48.869199	7272	87748fd2	explore	1	discard	0.0012	959.1	960.3	849	285	52	0.920	[explore] S1/FOOD_VECTOR: wall_proximity_penalty: 0.3000 -> 0.3082; death_snake: -15 -> -14.108304884891801; death_wall: -15 -> -11.361679369000303
2026-03-29T10:33:48.870114	7272	0286a102	tweak	5	discard	-0.1775	959.1	788.8	701	219	46	0.964	[tweak] S5/MASTERY_SURVIVAL: survival: 0.3000 -> 0.3339
2026-03-29T10:33:48.870185	7272	3962c96a	radical	4	discard	-0.0365	959.1	924.1	816	275	52	0.940	[radical] S4/MASS_MANAGEMENT: survival: 0.2000 -> 0.2571; food_reward: 8.0000 -> 6.7019; death_snake: -50 -> -54.878801690295305; gamma: 0.9700 -> 0.9526; enemy_proximity_penalty: 1.2000 -> 1.5046
2026-03-29T10:33:48.870237	7272	6bbd3044	tweak	4	discard	0.0044	959.1	963.3	852	286	52	0.920	[tweak] S4/MASS_MANAGEMENT: max_steps: 2000 -> 1885
2026-03-29T11:45:20.163055	7273	1dfe574d	tweak	6	discard	-0.0109	959.1	948.7	839	282	52	0.924	[tweak] S6/APEX_PREDATOR: survival: 0.1000 -> 0.1035
2026-03-29T11:45:20.163226	7273	08437376	radical	5	discard	-0.0875	959.1	875.2	774	255	50	0.952	[radical] S5/MASTERY_SURVIVAL: enemy_zone_control_reward: 0.0500 -> 0.0318; starvation_penalty: 0.0150 -> 0.0149; death_snake: -50 -> -32.71754803586123; enemy_proximity_penalty: 1.0000 -> 1.3851; length_bonus: 0.0500 -> 0.0763
2026-03-29T11:45:20.163519	7273	3edb6052	explore	4	discard	-0.0692	959.1	892.8	790	260	51	0.948	[explore] S4/MASS_MANAGEMENT: enemy_alert_dist: 2000 -> 2163; enemy_proximity_penalty: 1.2000 -> 1.3198; death_snake: -50 -> -61.138765952266375
2026-03-29T11:45:20.163582	7273	249b82bd	tweak	1	discard	-0.0092	959.1	950.3	840	282	52	0.924	[tweak] S1/FOOD_VECTOR: wall_proximity_penalty: 0.3000 -> 0.2533
2026-03-29T12:08:27.110191	7274	55b505a1	tweak	3	discard	-0.0558	959.1	905.6	799	271	51	0.940	[tweak] S3/ENEMY_AVOID: enemy_proximity_penalty: 1.5000 -> 1.3018
2026-03-29T12:08:27.110308	7274	0ace4798	radical	6	discard	0.0006	959.1	959.7	849	285	52	0.920	[radical] S6/APEX_PREDATOR: enemy_proximity_penalty: 0.1500 -> 0.1909; survival: 0.1000 -> 0.1048; enemy_alert_dist: 2000 -> 2349; death_wall: -40 -> -54.26872596179349; boost_penalty: 0.0000 -> 1.0201
2026-03-29T12:08:27.110371	7274	534b7b2e	explore	5	discard	-0.0010	959.1	958.2	847	285	52	0.920	[explore] S5/MASTERY_SURVIVAL: gamma: 0.9700 -> 0.9709; food_shaping: 0.2500 -> 0.2504; enemy_proximity_penalty: 1.0000 -> 1.1791
2026-03-29T12:08:27.110430	7274	41479c27	tweak	4	discard	-0.0480	959.1	913.1	806	273	51	0.940	[tweak] S4/MASS_MANAGEMENT: max_steps: 2000 -> 1812
2026-03-29T13:04:18.329379	7275	13cc93c4	explore	5	discard	-0.0008	959.1	958.4	848	284	52	0.920	[explore] S5/MASTERY_SURVIVAL: kill_opportunity_reward: 15.0000 -> 9.4162; death_wall: -45 -> -36.687583934893524; enemy_proximity_penalty: 1.0000 -> 1.0482
2026-03-29T13:04:18.330295	7275	74499c91	radical	4	discard	-0.0472	959.1	913.8	808	269	51	0.944	[radical] S4/MASS_MANAGEMENT: death_wall: -35 -> -31.604874816644916; length_bonus: 0.0200 -> 0.0057; boost_penalty: 4.0000 -> 4.9161; enemy_proximity_penalty: 1.2000 -> 0.5751; enemy_approach_penalty: 0.8000 -> 0.8779
2026-03-29T13:04:18.330380	7275	cb02fd57	tweak	1	discard	-0.0508	959.1	910.4	804	271	51	0.944	[tweak] S1/FOOD_VECTOR: gamma: 0.8500 -> 0.8606
2026-03-29T13:04:18.330434	7275	1a2192ba	tweak	5	discard	-0.0525	959.1	908.7	803	270	51	0.944	[tweak] S5/MASTERY_SURVIVAL: starvation_penalty: 0.0150 -> 0.0155
2026-03-29T13:55:17.170501	7276	90f5d525	explore	1	discard	-0.0648	959.1	897.0	792	268	51	0.944	[explore] S1/FOOD_VECTOR: food_reward: 3.0000 -> 3.3528; wall_proximity_penalty: 0.3000 -> 0.3943; gamma: 0.8500 -> 0.8714
2026-03-29T13:55:17.170684	7276	b3a17521	radical	3	discard	-0.0081	959.1	951.3	841	283	52	0.924	[radical] S3/ENEMY_AVOID: enemy_alert_dist: 2000 -> 2366; starvation_grace_steps: 60 -> 61; max_steps: 2000 -> 2037; starvation_penalty: 0.0080 -> 0.0132; food_reward: 5.0000 -> 6.7361
2026-03-29T13:55:17.170966	7276	0fc58184	tweak	1	discard	-0.0147	959.1	945.0	835	282	52	0.928	[tweak] S1/FOOD_VECTOR: gamma: 0.8500 -> 0.8510
2026-03-29T13:55:17.171031	7276	0431526a	radical	3	discard	-0.0665	959.1	895.3	792	262	50	0.940	[radical] S3/ENEMY_AVOID: max_steps: 2000 -> 1975; food_reward: 5.0000 -> 5.2937; death_wall: -40 -> -54.52751541290522; enemy_alert_dist: 2000 -> 2531; starvation_penalty: 0.0080 -> 0.0028
2026-03-29T15:06:46.026845	7277	b3a305a3	explore	2	discard	0.0012	959.1	960.3	849	285	52	0.920	[explore] S2/WALL_AVOID: max_steps: 500 -> 523; wall_proximity_penalty: 1.5000 -> 1.4789; gamma: 0.9300 -> 0.9551
2026-03-29T15:06:46.027013	7277	3cff88a5	tweak	3	discard	-0.0857	959.1	876.9	777	253	50	0.952	[tweak] S3/ENEMY_AVOID: max_steps: 2000 -> 2008
2026-03-29T15:06:46.027073	7277	6b6a6629	radical	5	discard	0.0003	959.1	959.4	849	285	52	0.920	[radical] S5/MASTERY_SURVIVAL: max_steps: 3000 -> 2983; starvation_penalty: 0.0150 -> 0.0067; death_snake: -50 -> -42.22017208087257; death_wall: -45 -> -46.183010990739; enemy_zone_control_reward: 0.0500 -> 0.0242
2026-03-29T15:06:46.027130	7277	3e13fd39	radical	3	discard	0.0021	959.1	961.1	850	286	52	0.920	[radical] S3/ENEMY_AVOID: food_reward: 5.0000 -> 6.2694; enemy_alert_dist: 2000 -> 1951; starvation_penalty: 0.0080 -> 0.0029; death_snake: -40 -> -49.85044464131026; enemy_proximity_penalty: 1.5000 -> 1.5847
2026-03-29T17:37:02.061473	7278	5fcc4ebf	radical	4	discard	0.0037	959.1	962.6	852	286	52	0.920	[radical] S4/MASS_MANAGEMENT: starvation_penalty: 0.1000 -> 0.0730; gamma: 0.9700 -> 0.9668; length_bonus: 0.0200 -> 0.0271; mass_loss_penalty: 6.0000 -> 3.1827; death_snake: -50 -> -65.8462447818112
2026-03-29T17:37:02.062080	7278	860df33d	explore	1	discard	-0.0038	959.1	955.5	845	283	52	0.920	[explore] S1/FOOD_VECTOR: food_shaping: 0.5000 -> 0.3600; gamma: 0.8500 -> 0.8701; death_snake: -15 -> -11.636498496814246
2026-03-29T17:37:02.062166	7278	d144bd08	tweak	4	discard	-0.2016	959.1	765.8	681	211	45	0.968	[tweak] S4/MASS_MANAGEMENT: length_bonus: 0.0200 -> 0.0246
2026-03-29T17:37:02.062237	7278	4cc691ac	explore	4	discard	-0.0022	959.1	957.0	846	284	52	0.920	[explore] S4/MASS_MANAGEMENT: food_shaping: 0.3000 -> 0.2854; gamma: 0.9700 -> 0.9591; enemy_approach_penalty: 0.8000 -> 0.6310
2026-03-29T18:02:56.414784	7279	e298e17e	explore	5	discard	-0.0304	959.1	930.0	822	276	52	0.928	[explore] S5/MASTERY_SURVIVAL: starvation_grace_steps: 100 -> 99; mass_loss_penalty: 6.0000 -> 4.4246; enemy_proximity_penalty: 1.0000 -> 1.3901
2026-03-29T18:02:56.414979	7279	9ee24038	radical	3	discard	-0.0079	959.1	951.6	841	283	52	0.924	[radical] S3/ENEMY_AVOID: enemy_alert_dist: 2000 -> 1888; enemy_approach_penalty: 0.5000 -> 0.5448; death_wall: -40 -> -30.990703830010162; food_reward: 5.0000 -> 4.8800; survival: 0.3000 -> 0.2924
2026-03-29T18:02:56.415050	7279	37168238	tweak	6	discard	-0.0209	959.1	939.1	830	279	52	0.928	[tweak] S6/APEX_PREDATOR: food_reward: 8.0000 -> 7.0977
2026-03-29T18:02:56.415153	7279	64f9f3eb	explore	4	discard	-0.0228	959.1	937.2	828	279	52	0.932	[explore] S4/MASS_MANAGEMENT: food_reward: 8.0000 -> 7.5617; death_wall: -35 -> -42.12364279367196; enemy_proximity_penalty: 1.2000 -> 0.8570
2026-03-29T18:31:45.726954	7280	ace3d02a	tweak	4	discard	0.0000	959.1	959.1	848	285	52	0.920	[tweak] S4/MASS_MANAGEMENT: boost_penalty: 4.0000 -> 4.3959
2026-03-29T18:31:45.727406	7280	cb2d8fe4	radical	1	discard	-0.0565	959.1	904.9	800	267	50	0.944	[radical] S1/FOOD_VECTOR: food_reward: 3.0000 -> 1.7628; wall_proximity_penalty: 0.3000 -> 0.2918; food_shaping: 0.5000 -> 0.2535; max_steps: 600 -> 512; survival: 0.1000 -> 0.0934
2026-03-29T18:31:45.727484	7280	25350e31	explore	5	discard	-0.0177	959.1	942.1	833	280	52	0.928	[explore] S5/MASTERY_SURVIVAL: gamma: 0.9700 -> 0.9560; boost_penalty: 4.0000 -> 2.4739; enemy_zone_control_reward: 0.0500 -> 0.0688
2026-03-29T18:31:45.727546	7280	69845c9c	tweak	4	discard	-0.0107	959.1	948.9	839	281	52	0.928	[tweak] S4/MASS_MANAGEMENT: starvation_penalty: 0.1000 -> 0.1097
2026-03-29T19:27:09.718756	7281	4bac8ba9	explore	4	discard	0.0013	959.1	960.3	849	285	52	0.920	[explore] S4/MASS_MANAGEMENT: survival_escalation: 0.0010 -> 0.0005; max_steps: 2000 -> 1874; wall_proximity_penalty: 0.5000 -> 0.5843
2026-03-29T19:27:09.718928	7281	ab01670b	radical	1	discard	-0.0109	959.1	948.6	839	282	52	0.928	[radical] S1/FOOD_VECTOR: survival: 0.1000 -> 0.0761; death_wall: -15 -> -19.682949224796516; food_shaping: 0.5000 -> 0.2331; wall_proximity_penalty: 0.3000 -> 0.1205; max_steps: 600 -> 433
2026-03-29T19:27:09.719241	7281	ea311a5f	tweak	4	discard	-0.0289	959.1	931.4	825	272	51	0.944	[tweak] S4/MASS_MANAGEMENT: food_shaping: 0.3000 -> 0.2844
2026-03-29T19:27:09.719295	7281	f4fcb55d	tweak	4	discard	-0.0002	959.1	959.0	848	284	52	0.920	[tweak] S4/MASS_MANAGEMENT: death_snake: -50 -> -48.506418950872124
2026-03-29T19:40:25.389268	7282	e1478cab	radical	2	discard	-0.0006	959.1	958.5	848	284	52	0.920	[radical] S2/WALL_AVOID: death_wall: -40 -> -29.291790970366673; survival: 0.3000 -> 0.3323; wall_proximity_penalty: 1.5000 -> 0.8655; survival_escalation: 0.0020 -> 0.0026; max_steps: 500 -> 466
2026-03-29T19:40:25.389397	7282	99e34e13	explore	5	discard	0.0021	959.1	961.2	850	285	52	0.920	[explore] S5/MASTERY_SURVIVAL: food_reward: 8.0000 -> 6.0554; death_wall: -45 -> -35.877657907308404; max_steps: 3000 -> 2525
2026-03-29T19:40:25.389461	7282	8f760aaa	tweak	2	discard	0.0002	959.1	959.3	848	285	52	0.920	[tweak] S2/WALL_AVOID: survival: 0.3000 -> 0.3208
2026-03-29T19:40:25.389512	7282	6db225d3	tweak	2	discard	0.0000	959.1	959.1	848	285	52	0.920	[tweak] S2/WALL_AVOID: survival_escalation: 0.0020 -> 0.0021
2026-03-29T20:44:39.924131	7283	c6a1264a	tweak	1	discard	-0.0391	959.1	921.7	816	270	51	0.944	[tweak] S1/FOOD_VECTOR: survival: 0.1000 -> 0.1029
2026-03-29T20:44:39.924347	7283	5d53111f	radical	6	discard	-0.0028	959.1	956.4	846	284	52	0.920	[radical] S6/APEX_PREDATOR: contest_food_reward: 1.0000 -> 0.5617; enemy_proximity_penalty: 0.1500 -> 0.1033; enemy_zone_control_reward: 0.0600 -> 0.0543; enemy_alert_dist: 2000 -> 2192
2026-03-29T20:44:39.924638	7283	80066d8e	explore	5	discard	-0.0417	959.1	919.2	813	271	52	0.940	[explore] S5/MASTERY_SURVIVAL: mass_loss_penalty: 6.0000 -> 5.0481; max_steps: 3000 -> 2402; death_snake: -50 -> -59.0090754108289
2026-03-29T20:44:39.924696	7283	279b0722	radical	3	discard	-0.0552	959.1	906.2	801	269	51	0.940	[radical] S3/ENEMY_AVOID: gamma: 0.9500 -> 0.9295; enemy_alert_dist: 2000 -> 2454; starvation_penalty: 0.0080 -> 0.0139; boost_penalty: 0.1000 -> 0.0866; enemy_proximity_penalty: 1.5000 -> 1.1533
2026-03-29T21:04:57.203352	7284	159d2937	radical	6	discard	0.0010	959.1	960.1	849	285	52	0.920	[radical] S6/APEX_PREDATOR: max_steps: 99999 -> 10000; enemy_alert_dist: 2000 -> 2231; kill_opportunity_reward: 18.0000 -> 21.8412; gamma: 0.9900 -> 0.9600
2026-03-29T21:04:57.203714	7284	37793755	explore	6	discard	-0.0174	959.1	942.4	833	279	52	0.932	[explore] S6/APEX_PREDATOR: contest_food_reward: 1.0000 -> 1.0919; death_snake: -30 -> -37.229975415170564; enemy_alert_dist: 2000 -> 2121
2026-03-29T21:04:57.203933	7284	adab40e1	tweak	6	discard	0.0000	959.1	959.1	848	285	52	0.920	[tweak] S6/APEX_PREDATOR: enemy_alert_dist: 2000 -> 2161
2026-03-29T21:04:57.204046	7284	df77f209	tweak	4	discard	0.0006	959.1	959.7	849	285	52	0.920	[tweak] S4/MASS_MANAGEMENT: enemy_alert_dist: 2000 -> 2193
2026-03-29T21:41:20.243871	7285	1665e413	tweak	4	discard	-0.0304	959.1	930.0	822	275	51	0.940	[tweak] S4/MASS_MANAGEMENT: enemy_proximity_penalty: 1.2000 -> 1.3640
2026-03-29T21:41:20.243986	7285	4551f345	radical	3	discard	0.0022	959.1	961.2	850	286	52	0.920	[radical] S3/ENEMY_AVOID: food_reward: 5.0000 -> 4.0294; starvation_penalty: 0.0080 -> 0.0066; death_wall: -40 -> -45.81676665604947; death_snake: -40 -> -39.10926599599884; max_steps: 2000 -> 1479
2026-03-29T21:41:20.244355	7285	383958af	explore	2	discard	-0.0313	959.1	929.1	822	274	51	0.940	[explore] S2/WALL_AVOID: max_steps: 500 -> 589; survival: 0.3000 -> 0.2592; death_wall: -40 -> -30.58113869897847
2026-03-29T21:41:20.244432	7285	c8507723	tweak	6	discard	0.0006	959.1	959.7	849	285	52	0.920	[tweak] S6/APEX_PREDATOR: kill_opportunity_reward: 18.0000 -> 18.1113
2026-03-29T22:17:10.132902	7286	cb9d077d	explore	1	discard	-0.0249	959.1	935.2	827	276	51	0.940	[explore] S1/FOOD_VECTOR: death_wall: -15 -> -17.487942926030943; death_snake: -15 -> -15.71392208291325; food_reward: 3.0000 -> 3.5218
2026-03-29T22:17:10.133204	7286	d01df44f	radical	1	discard	-0.0274	959.1	932.8	825	276	51	0.932	[radical] S1/FOOD_VECTOR: survival: 0.1000 -> 0.1383; food_reward: 3.0000 -> 1.8024; wall_proximity_penalty: 0.3000 -> 0.3945; food_shaping: 0.5000 -> 0.6285; max_steps: 600 -> 487
2026-03-29T22:17:10.133278	7286	3e0c4fef	tweak	1	discard	-0.0551	959.1	906.2	801	267	51	0.940	[tweak] S1/FOOD_VECTOR: gamma: 0.8500 -> 0.8417
2026-03-29T22:17:10.133338	7286	c2995138	tweak	2	discard	0.0000	959.1	959.1	848	285	52	0.920	[tweak] S2/WALL_AVOID: death_wall: -40 -> -35.92345448316688
2026-03-29T22:33:41.092342	7287	d85b8e4d	explore	2	discard	0.0013	959.1	960.4	849	285	52	0.920	[explore] S2/WALL_AVOID: wall_proximity_penalty: 1.5000 -> 1.5261; survival_escalation: 0.0020 -> 0.0020; starvation_penalty: 0.0050 -> 0.0030
2026-03-29T22:33:41.092492	7287	f1d1a071	tweak	5	discard	-0.0008	959.1	958.3	848	284	52	0.920	[tweak] S5/MASTERY_SURVIVAL: food_shaping: 0.2500 -> 0.2784
2026-03-29T22:33:41.092834	7287	41782a6c	radical	5	discard	0.0006	959.1	959.7	849	285	52	0.920	[radical] S5/MASTERY_SURVIVAL: enemy_zone_control_reward: 0.0500 -> 0.0456; death_wall: -45 -> -38.422624894405374; starvation_penalty: 0.0150 -> 0.0180; wall_proximity_penalty: 0.3500 -> 0.1577; starvation_grace_steps: 100 -> 132
2026-03-29T22:33:41.092908	7287	b189192b	explore	1	discard	-0.0112	959.1	948.4	838	282	52	0.924	[explore] S1/FOOD_VECTOR: death_wall: -15 -> -15.168237807627444; max_steps: 600 -> 608; death_snake: -15 -> -16.20120541905493
2026-03-29T22:52:13.114894	7289	461e57b9	tweak	5	discard	-0.0063	742.9	738.2	655	206	43	0.901	[tweak] S5/MASTERY_SURVIVAL: max_steps: 3000 -> 2951
2026-03-29T22:52:13.115229	7289	4c14c3bb	radical	6	discard	0.0003	742.9	743.1	660	207	43	0.899	[radical] S6/APEX_PREDATOR: death_wall: -40 -> -52.831103453648794; food_reward: 8.0000 -> 7.9434; death_snake: -30 -> -26.884433728840513; gamma: 0.9900 -> 0.9950; enemy_proximity_penalty: 0.1500 -> 0.1084
2026-03-29T22:52:13.115400	7289	7348a030	explore	3	discard	0.0003	742.9	743.1	660	207	43	0.899	[explore] S3/ENEMY_AVOID: enemy_proximity_penalty: 1.5000 -> 1.1515; max_steps: 2000 -> 1846; starvation_penalty: 0.0080 -> 0.0077
2026-03-29T22:52:13.115482	7289	1ad0f09b	explore	5	discard	0.0010	742.9	743.6	660	207	43	0.899	[explore] S5/MASTERY_SURVIVAL: death_snake: -50 -> -41.36778331560218; starvation_penalty: 0.0150 -> 0.0154; wall_proximity_penalty: 0.3500 -> 0.3679
2026-03-29T23:05:27.411680	7290	d394dad7	explore	1	discard	0.0004	742.9	743.1	660	207	43	0.899	[explore] S1/FOOD_VECTOR: food_shaping: 0.5000 -> 0.3157; survival: 0.1000 -> 0.0905; wall_proximity_penalty: 0.3000 -> 0.4139
2026-03-29T23:05:27.411958	7290	cff4d692	tweak	5	discard	0.0020	742.9	744.3	661	207	43	0.899	[tweak] S5/MASTERY_SURVIVAL: boost_penalty: 4.0000 -> 3.9620
2026-03-29T23:05:27.412159	7290	aab63541	radical	3	discard	0.0003	742.9	743.1	660	207	43	0.899	[radical] S3/ENEMY_AVOID: starvation_penalty: 0.0080 -> 0.0056; death_wall: -40 -> -39.97830015939592; boost_penalty: 0.1000 -> 0.1595; enemy_proximity_penalty: 1.5000 -> 2.0892; survival: 0.3000 -> 0.3055
2026-03-29T23:05:27.412223	7290	1f3ba5b8	radical	5	discard	-0.0001	742.9	742.8	660	207	43	0.899	[radical] S5/MASTERY_SURVIVAL: starvation_grace_steps: 100 -> 110; boost_penalty: 4.0000 -> 5.9009; starvation_penalty: 0.0150 -> 0.0072; length_bonus: 0.0500 -> 0.0520; contest_food_reward: 1.0000 -> 0.6792
2026-03-30T08:59:23.779492	7291	fd830103	radical	3	discard	-0.0458	742.9	708.8	629	197	43	0.914	[radical] S3/ENEMY_AVOID: death_wall: -40 -> -43.96459745718283; starvation_penalty: 0.0080 -> 0.0135; boost_penalty: 0.1000 -> 0.1003; survival: 0.3000 -> 0.3939; enemy_alert_dist: 2000 -> 2223
2026-03-30T08:59:23.779850	7291	eaea557b	tweak	5	discard	-0.0087	742.9	736.4	654	205	43	0.902	[tweak] S5/MASTERY_SURVIVAL: death_wall: -45 -> -42.60747570227988
2026-03-30T08:59:23.779910	7291	843ee23e	explore	2	discard	-0.0332	742.9	718.2	637	201	43	0.910	[explore] S2/WALL_AVOID: survival: 0.3000 -> 0.3115; food_shaping: 0.1500 -> 0.2086; max_steps: 500 -> 553
2026-03-30T08:59:23.779959	7291	4de8efdb	explore	1	discard	-0.0011	742.9	742.0	659	207	43	0.900	[explore] S1/FOOD_VECTOR: death_wall: -15 -> -16.73104410760787; survival: 0.1000 -> 0.1227; gamma: 0.8500 -> 0.8653
2026-03-30T10:15:26.677937	7292	3ac7cb79	explore	1	discard	-0.0379	742.9	714.7	634	200	43	0.912	[explore] S1/FOOD_VECTOR: wall_proximity_penalty: 0.3000 -> 0.1955; survival: 0.1000 -> 0.0783; gamma: 0.8500 -> 0.8708
2026-03-30T10:15:26.678144	7292	bf8207de	radical	1	discard	-0.0148	742.9	731.8	649	204	43	0.906	[radical] S1/FOOD_VECTOR: survival: 0.1000 -> 0.1156; food_reward: 3.0000 -> 3.9193; max_steps: 600 -> 624; food_shaping: 0.5000 -> 0.7751; death_snake: -15 -> -16.37792043532798
2026-03-30T10:15:26.678484	7292	2dce1bfd	tweak	5	discard	0.0006	742.9	743.3	660	207	43	0.899	[tweak] S5/MASTERY_SURVIVAL: death_snake: -50 -> -54.75853576422241
2026-03-30T10:15:26.678555	7292	11459ff0	explore	6	discard	0.0012	742.9	743.8	660	207	43	0.899	[explore] S6/APEX_PREDATOR: max_steps: 99999 -> 10000; contest_food_reward: 1.0000 -> 1.0903; enemy_proximity_penalty: 0.1500 -> 0.1521
2026-03-30T10:48:33.293821	7293	1cfd5f8c	explore	3	discard	-0.0089	742.9	736.3	654	205	43	0.903	[explore] S3/ENEMY_AVOID: food_reward: 5.0000 -> 4.5359; death_wall: -40 -> -40.180616764651504; max_steps: 2000 -> 1783
2026-03-30T10:48:33.293966	7293	2be17681	tweak	2	discard	-0.0094	742.9	735.9	653	205	43	0.903	[tweak] S2/WALL_AVOID: food_reward: 5.0000 -> 4.7936
2026-03-30T10:48:33.294306	7293	5255f3c5	radical	3	discard	0.0011	742.9	743.7	660	207	43	0.899	[radical] S3/ENEMY_AVOID: food_shaping: 0.1000 -> 0.1460; enemy_proximity_penalty: 1.5000 -> 1.2215; death_wall: -40 -> -36.66214108702138; max_steps: 2000 -> 2015; gamma: 0.9500 -> 0.9626
2026-03-30T10:48:33.294358	7293	128dc94d	radical	1	discard	0.0005	742.9	743.3	660	207	43	0.899	[radical] S1/FOOD_VECTOR: food_reward: 3.0000 -> 3.0444; food_shaping: 0.5000 -> 0.3058; death_snake: -15 -> -9.592884571260743; survival: 0.1000 -> 0.0850; gamma: 0.8500 -> 0.8317
2026-03-30T11:13:05.300930	7294	21ae6452	radical	6	discard	-0.0004	742.9	742.6	659	207	43	0.900	[radical] S6/APEX_PREDATOR: survival: 0.1000 -> 0.0593; food_reward: 8.0000 -> 7.3712; kill_opportunity_reward: 18.0000 -> 7.7119; death_snake: -30 -> -33.71676212092414; contest_food_reward: 1.0000 -> 1.0185
2026-03-30T11:13:05.301113	7294	05ffcedc	explore	3	discard	0.0000	742.9	742.9	660	207	43	0.899	[explore] S3/ENEMY_AVOID: food_shaping: 0.1000 -> 0.0757; enemy_alert_dist: 2000 -> 1588; starvation_grace_steps: 60 -> 63
2026-03-30T11:13:05.301454	7294	09558bc8	tweak	6	discard	-0.0010	742.9	742.1	659	207	43	0.899	[tweak] S6/APEX_PREDATOR: survival: 0.1000 -> 0.1080
2026-03-30T11:13:05.301511	7294	55b00490	radical	4	discard	-0.0025	742.9	741.0	658	206	43	0.901	[radical] S4/MASS_MANAGEMENT: food_shaping: 0.3000 -> 0.2927; length_bonus: 0.0200 -> 0.0265; death_snake: -50 -> -41.30613009567226; enemy_proximity_penalty: 1.2000 -> 0.9027; wall_proximity_penalty: 0.5000 -> 0.7824
2026-03-30T11:30:52.335466	7295	d25bb897	radical	4	discard	-0.0067	742.9	737.9	655	206	43	0.901	[radical] S4/MASS_MANAGEMENT: boost_penalty: 4.0000 -> 2.5854; max_steps: 2000 -> 2597; starvation_penalty: 0.1000 -> 0.1152; survival: 0.2000 -> 0.2524; mass_loss_penalty: 6.0000 -> 4.3166
2026-03-30T11:30:52.335656	7295	dd0cfe74	explore	1	discard	0.0002	742.9	743.0	660	207	43	0.899	[explore] S1/FOOD_VECTOR: food_reward: 3.0000 -> 3.3057; gamma: 0.8500 -> 0.8721; max_steps: 600 -> 595
2026-03-30T11:30:52.335946	7295	ffb07a53	tweak	5	discard	0.0004	742.9	743.2	660	207	43	0.899	[tweak] S5/MASTERY_SURVIVAL: wall_proximity_penalty: 0.3500 -> 0.3994
2026-03-30T11:30:52.336017	7295	cb9d83ba	explore	5	discard	-0.0045	742.9	739.6	657	206	43	0.901	[explore] S5/MASTERY_SURVIVAL: length_bonus: 0.0500 -> 0.0389; survival: 0.3000 -> 0.2689; death_wall: -45 -> -52.4995902027556
2026-03-30T12:19:45.713574	7296	283f1263	explore	4	discard	0.0015	742.9	744.0	661	207	43	0.899	[explore] S4/MASS_MANAGEMENT: mass_loss_penalty: 6.0000 -> 6.7676; wall_proximity_penalty: 0.5000 -> 0.5509; food_reward: 8.0000 -> 8.4256
2026-03-30T12:19:45.713769	7296	9711ebfe	radical	4	discard	0.0001	742.9	743.0	660	207	43	0.899	[radical] S4/MASS_MANAGEMENT: max_steps: 2000 -> 1500; wall_proximity_penalty: 0.5000 -> 0.3934; food_shaping: 0.3000 -> 0.2531; death_wall: -35 -> -38.327877311248; mass_loss_penalty: 6.0000 -> 7.0304
2026-03-30T12:19:45.714080	7296	87c42611	tweak	3	discard	-0.0194	742.9	728.4	646	203	43	0.908	[tweak] S3/ENEMY_AVOID: death_wall: -40 -> -44.599910582978154
2026-03-30T12:19:45.714147	7296	7e4f93ce	tweak	4	discard	-0.0025	742.9	741.0	658	207	43	0.901	[tweak] S4/MASS_MANAGEMENT: enemy_approach_penalty: 0.8000 -> 0.8233
2026-03-30T14:43:29.111032	7301	946ce013	tweak	5	keep	0.0626	1.3	1.4	634	199	43	0.914	[tweak] S5/MASTERY_SURVIVAL: survival: 0.3000 -> 0.3323
2026-03-30T14:54:33.037274	7302	6e88c951	explore	5	keep	0.1165	1.3	1.5	661	207	43	0.899	[explore] S5/MASTERY_SURVIVAL: enemy_alert_dist: 2000 -> 2051; mass_loss_penalty: 6.0000 -> 4.9324; starvation_penalty: 0.0150 -> 0.0148
2026-03-30T15:48:10.301950	7304	a215b472	explore	3	discard	-8.5683	0.8	-6.1	662	208	43	0.901	[explore] S3/ENEMY_AVOID: gamma: 0.9500 -> 0.9291; enemy_proximity_penalty: 1.5000 -> 1.6085; death_wall: -40 -> -35.511924104997966
2026-03-30T15:54:14.052995	7306	36df2232	explore	5	keep	0.1142	1.3	1.4	660	207	43	0.899	[explore] S5/MASTERY_SURVIVAL: food_reward: 8.0000 -> 6.8031; survival: 0.3323 -> 0.2493; enemy_proximity_penalty: 1.0000 -> 1.2464
2026-03-31T06:44:15.521882	7308	73c005ed	explore	2	discard	-5.9602	0.8	-4.0	478	151	42	0.779	[explore] S2/WALL_AVOID: food_shaping: 0.1500 -> 0.0965; survival_escalation: 0.0020 -> 0.0013; survival: 0.3000 -> 0.3045
2026-03-31T07:07:05.609277	7309	6b597545	radical	5	keep	0.1118	1.3	1.4	659	206	43	0.901	[radical] S5/MASTERY_SURVIVAL: gamma: 0.9700 -> 0.9770; food_shaping: 0.2500 -> 0.1466; mass_loss_penalty: 4.9324 -> 4.3130; food_reward: 6.8031 -> 4.8231; contest_food_reward: 1.0000 -> 1.6053
2026-03-31T19:37:21.457571	7310	478a3112	explore	1	keep	1.9289	1.0	2.9	495	156	45	0.748	[explore] S1/FOOD_VECTOR: death_wall: -15 -> -13.415340727031698; food_shaping: 0.5000 -> 0.5908; food_reward: 3.0000 -> 3.5666
2026-04-01T08:47:00.211011	7316	214ca9c6	radical	4	keep	0.0934	1.3	1.4	640	201	43	0.912	[radical] S4/MASS_MANAGEMENT: gamma: 0.9700 -> 0.9840; food_shaping: 0.3000 -> 0.1254; survival_escalation: 0.0010 -> 0.0013; boost_penalty: 4.0000 -> 2.7310; survival: 0.2000 -> 0.1366
2026-04-01T08:53:33.835305	7317	5f53c45a	explore	3	discard	-8.7154	0.8	-6.2	639	201	43	0.913	[explore] S3/ENEMY_AVOID: starvation_penalty: 0.0080 -> 0.0114; food_reward: 5.0000 -> 5.6983; enemy_approach_penalty: 0.5000 -> 0.4448
2026-04-01T16:05:03.683801	7318	637d81f5	tweak	2	discard	-4.4135	0.8	-2.7	481	151	43	0.784	[tweak] S2/WALL_AVOID: gamma: 0.9300 -> 0.9399
2026-04-01T18:10:47.883570	7320	3cd8889f	explore	5	keep	0.0720	1.3	1.4	640	201	43	0.912	[explore] S5/MASTERY_SURVIVAL: enemy_zone_control_reward: 0.0500 -> 0.0530; wall_proximity_penalty: 0.3500 -> 0.2890; gamma: 0.9770 -> 0.9950
2026-04-01T18:19:51.900380	7321	64e51d54	explore	5	keep	0.0712	1.3	1.4	640	201	43	0.913	[explore] S5/MASTERY_SURVIVAL: survival_escalation: 0.0005 -> 0.0007; enemy_approach_penalty: 0.4000 -> 0.2451; survival: 0.2493 -> 0.2159
2026-04-01T18:33:10.971825	7322	8839888d	radical	3	discard	-8.7087	0.8	-6.2	640	201	43	0.913	[radical] S3/ENEMY_AVOID: starvation_grace_steps: 60 -> 74; death_wall: -40 -> -28.65784595596653; death_snake: -40 -> -28.72939295568359; enemy_approach_penalty: 0.5000 -> 0.4133; food_shaping: 0.1000 -> 0.0748
2026-04-02T07:03:27.388352	7323	cd73a440	explore	1	keep	2.0788	1.0	3.1	514	160	44	0.710	[explore] S1/FOOD_VECTOR: food_reward: 3.5666 -> 3.8172; death_snake: -15 -> -17.25024613843876; death_wall: -13.4153 -> -12.6749
2026-04-02T19:33:45.709789	7324	37ef05d8	explore	1	keep	1.6689	1.5	4.0	528	154	44	0.519	[explore] S1/FOOD_VECTOR: max_steps: 600 -> 707; death_snake: -17.2502 -> -18.2135; death_wall: -12.6749 -> -13.6020
2026-04-02T23:22:11.833499	7326	6c2ad6cd	explore	3	keep	0.9715	0.8	1.6	533	152	43	0.510	[explore] S3/ENEMY_AVOID: starvation_penalty: 0.0080 -> 0.0089; boost_penalty: 0.1000 -> 0.1151; enemy_alert_dist: 2000 -> 2056
2026-04-03T01:25:08.784582	7327	f546b8a8	explore	4	keep	0.3339	1.3	1.7	530	150	43	0.510	[explore] S4/MASS_MANAGEMENT: enemy_proximity_penalty: 1.2000 -> 1.1924; death_snake: -50 -> -40.742732177312234; survival: 0.1366 -> 0.1186
2026-04-03T02:38:02.422322	7328	f29f5faf	explore	1	keep	0.6662	1.3	2.2	529	150	43	0.508	[explore] S1/FOOD_VECTOR: survival: 0.1000 -> 0.0900; death_wall: -13.6020 -> -16.8357; food_reward: 3.8172 -> 2.9935
2026-04-03T03:02:06.883349	7329	80900275	radical	4	keep	0.3314	1.3	1.7	529	150	43	0.508	[radical] S4/MASS_MANAGEMENT: enemy_approach_penalty: 0.8000 -> 0.6321; starvation_penalty: 0.1000 -> 0.1659; mass_loss_penalty: 6.0000 -> 5.4031; starvation_grace_steps: 20 -> 28; wall_proximity_penalty: 0.5000 -> 0.5504
2026-04-03T05:04:27.719674	7331	730785b2	explore	2	keep	1.1468	1.3	2.8	521	147	43	0.501	[explore] S2/WALL_AVOID: starvation_penalty: 0.0050 -> 0.0074; death_wall: -40 -> -45.86647363718661; gamma: 0.9300 -> 0.9241
2026-04-03T06:13:52.418154	7332	f9071e8d	explore	4	keep	0.2903	1.3	1.7	515	145	43	0.501	[explore] S4/MASS_MANAGEMENT: starvation_penalty: 0.1659 -> 0.0979; survival_escalation: 0.0013 -> 0.0019; wall_proximity_penalty: 0.5504 -> 0.4454
2026-04-03T06:33:34.038212	7334	61b39ea4	tweak	3	keep	4.4142	1.3	7.0	516	146	43	0.501	[tweak] S3/ENEMY_AVOID: enemy_approach_penalty: 0.5000 -> 0.5727
2026-04-03T06:48:08.750267	7336	c36868c0	explore	5	keep	0.1246	1.3	1.5	517	146	43	0.499	[explore] S5/MASTERY_SURVIVAL: survival_escalation: 0.0007 -> 0.0010; contest_food_reward: 1.6053 -> 1.9675; death_snake: -50 -> -48.74716343435445
2026-04-03T13:00:56.038379	7338	b70fa80a	radical	2	keep	1.0716	1.3	2.7	517	146	43	0.499	[radical] S2/WALL_AVOID: death_snake: -20 -> -23.366080800246227; wall_proximity_penalty: 1.5000 -> 2.1109; survival: 0.3000 -> 0.3392; starvation_penalty: 0.0074 -> 0.0035; survival_escalation: 0.0020 -> 0.0027
2026-04-03T13:01:59.550167	7340	dedeaa4a	tweak	2	keep	1.0716	1.3	2.7	517	146	43	0.499	[tweak] S2/WALL_AVOID: max_steps: 500 -> 544
2026-04-03T13:03:03.079420	7342	620969d4	tweak	3	keep	4.2756	1.3	6.9	517	146	43	0.499	[tweak] S3/ENEMY_AVOID: gamma: 0.9500 -> 0.9368
2026-04-03T13:03:06.277482	7343	aa6c0bdf	radical	1	keep	0.6139	1.3	2.1	517	146	43	0.499	[radical] S1/FOOD_VECTOR: food_shaping: 0.5908 -> 0.8420; max_steps: 707 -> 914; gamma: 0.8500 -> 0.8835; death_wall: -16.8357 -> -17.1162; wall_proximity_penalty: 0.3000 -> 0.3848
2026-04-03T13:03:09.455178	7344	5d8acf14	tweak	4	keep	0.2972	1.3	1.7	517	146	43	0.499	[tweak] S4/MASS_MANAGEMENT: food_reward: 8.0000 -> 7.2272
2026-04-03T13:04:12.984527	7346	672fddd0	radical	4	keep	0.2972	1.3	1.7	517	146	43	0.499	[radical] S4/MASS_MANAGEMENT: mass_loss_penalty: 5.4031 -> 6.8331; gamma: 0.9840 -> 0.9950; boost_penalty: 2.7310 -> 4.1315; death_wall: -35 -> -43.676040590400255; enemy_approach_penalty: 0.6321 -> 0.4301
2026-04-03T13:05:16.525753	7348	206cea64	explore	5	keep	0.1219	1.3	1.5	517	146	43	0.499	[explore] S5/MASTERY_SURVIVAL: contest_food_reward: 1.9675 -> 1.1034; gamma: 0.9950 -> 0.9771; max_steps: 3000 -> 3148
2026-04-03T13:05:19.684584	7349	97f78aef	explore	3	keep	4.2756	1.3	6.9	517	146	43	0.499	[explore] S3/ENEMY_AVOID: death_snake: -40 -> -39.59706296492766; enemy_proximity_penalty: 1.5000 -> 1.0073; enemy_alert_dist: 2056 -> 1777
2026-04-03T13:05:22.857854	7350	a5005edb	radical	5	keep	0.1219	1.3	1.5	517	146	43	0.499	[radical] S5/MASTERY_SURVIVAL: enemy_zone_control_reward: 0.0530 -> 0.0840; food_shaping: 0.1466 -> 0.1624; enemy_alert_dist: 2051 -> 1612; death_wall: -45 -> -38.313800614279046; contest_food_reward: 1.1034 -> 1.2074
2026-04-03T13:06:26.391707	7352	56b92185	radical	2	keep	1.0716	1.3	2.7	517	146	43	0.499	[radical] S2/WALL_AVOID: death_snake: -23.3661 -> -24.2518; death_wall: -45.8665 -> -37.3043; max_steps: 544 -> 667; gamma: 0.9241 -> 0.9010; starvation_grace_steps: 80 -> 66
2026-04-03T13:06:29.576110	7353	feb5341f	explore	5	keep	0.1219	1.3	1.5	517	146	43	0.499	[explore] S5/MASTERY_SURVIVAL: mass_loss_penalty: 4.3130 -> 2.8084; death_snake: -48.7472 -> -45.2487; starvation_penalty: 0.0148 -> 0.0184
2026-04-03T13:06:32.745168	7354	46e2eb0e	tweak	3	keep	4.2756	1.3	6.9	517	146	43	0.499	[tweak] S3/ENEMY_AVOID: starvation_penalty: 0.0089 -> 0.0087
2026-04-03T13:06:35.917120	7355	0bd91fc6	explore	1	keep	0.6139	1.3	2.1	517	146	43	0.499	[explore] S1/FOOD_VECTOR: food_shaping: 0.8420 -> 1.0000; wall_proximity_penalty: 0.3848 -> 0.3255; max_steps: 914 -> 814
2026-04-03T13:06:39.089687	7356	1159003e	explore	4	keep	0.2972	1.3	1.7	517	146	43	0.499	[explore] S4/MASS_MANAGEMENT: enemy_proximity_penalty: 1.1924 -> 1.3429; death_wall: -43.6760 -> -39.4100; survival_escalation: 0.0019 -> 0.0024
2026-04-03T13:07:42.629011	7358	6303b28e	tweak	3	keep	4.2756	1.3	6.9	517	146	43	0.499	[tweak] S3/ENEMY_AVOID: food_shaping: 0.1000 -> 0.1044
2026-04-03T13:08:46.172533	7360	ccb3db23	tweak	2	keep	1.0716	1.3	2.7	517	146	43	0.499	[tweak] S2/WALL_AVOID: survival_escalation: 0.0027 -> 0.0028
2026-04-03T13:08:49.338063	7361	090b4cab	explore	2	keep	1.0716	1.3	2.7	517	146	43	0.499	[explore] S2/WALL_AVOID: food_reward: 5.0000 -> 6.3101; food_shaping: 0.1500 -> 0.1278; starvation_grace_steps: 66 -> 84
2026-04-03T13:08:52.513124	7362	c168e3da	tweak	4	keep	0.2972	1.3	1.7	517	146	43	0.499	[tweak] S4/MASS_MANAGEMENT: enemy_approach_penalty: 0.4301 -> 0.4689
2026-04-03T13:09:56.069308	7364	a372bd76	tweak	3	keep	4.2756	1.3	6.9	517	146	43	0.499	[tweak] S3/ENEMY_AVOID: food_shaping: 0.1044 -> 0.0969
2026-04-03T13:10:59.619659	7366	8cde5a00	tweak	3	keep	4.2756	1.3	6.9	517	146	43	0.499	[tweak] S3/ENEMY_AVOID: food_reward: 5.0000 -> 5.3813
2026-04-03T13:11:02.797382	7367	34f0691b	tweak	3	keep	4.2756	1.3	6.9	517	146	43	0.499	[tweak] S3/ENEMY_AVOID: enemy_approach_penalty: 0.5727 -> 0.6131
2026-04-03T13:11:05.989090	7368	6420344b	explore	4	keep	0.2972	1.3	1.7	517	146	43	0.499	[explore] S4/MASS_MANAGEMENT: boost_penalty: 4.1315 -> 2.6337; mass_loss_penalty: 6.8331 -> 4.3770; enemy_approach_penalty: 0.4689 -> 0.2949
2026-04-03T13:11:09.173083	7369	c9806c25	radical	4	keep	0.2972	1.3	1.7	517	146	43	0.499	[radical] S4/MASS_MANAGEMENT: enemy_alert_dist: 2000 -> 2679; length_bonus: 0.0200 -> 0.0274; survival_escalation: 0.0024 -> 0.0026; gamma: 0.9950 -> 0.9581; boost_penalty: 2.6337 -> 4.0837
2026-04-03T13:11:12.341715	7370	b8fcd6b5	explore	5	keep	0.1219	1.3	1.5	517	146	43	0.499	[explore] S5/MASTERY_SURVIVAL: contest_food_reward: 1.2074 -> 1.4541; kill_opportunity_reward: 15.0000 -> 16.7313; length_bonus: 0.0500 -> 0.0626
2026-04-03T13:11:15.491616	7371	b8ebf90f	radical	2	keep	1.0716	1.3	2.7	517	146	43	0.499	[radical] S2/WALL_AVOID: death_snake: -24.2518 -> -29.9932; starvation_grace_steps: 84 -> 70; death_wall: -37.3043 -> -31.5324; max_steps: 667 -> 539; food_reward: 6.3101 -> 6.6560
2026-04-03T13:12:19.045856	7373	4c0df0fc	tweak	1	keep	0.6139	1.3	2.1	517	146	43	0.499	[tweak] S1/FOOD_VECTOR: wall_proximity_penalty: 0.3255 -> 0.3725
2026-04-03T13:12:22.223363	7374	b50b538c	explore	2	keep	1.0716	1.3	2.7	517	146	43	0.499	[explore] S2/WALL_AVOID: death_snake: -29.9932 -> -28.9418; food_reward: 6.6560 -> 6.7987; survival: 0.3392 -> 0.2949
2026-04-03T13:12:25.346602	7375	5975901f	radical	5	keep	0.1219	1.3	1.5	517	146	43	0.499	[radical] S5/MASTERY_SURVIVAL: kill_opportunity_reward: 16.7313 -> 14.0333; food_reward: 4.8231 -> 5.1798; length_bonus: 0.0626 -> 0.0251; enemy_alert_dist: 1612 -> 1580; starvation_grace_steps: 100 -> 112
2026-04-03T13:12:28.537689	7376	173b693e	radical	3	keep	4.2756	1.3	6.9	517	146	43	0.499	[radical] S3/ENEMY_AVOID: starvation_penalty: 0.0087 -> 0.0066; gamma: 0.9368 -> 0.9399; death_wall: -40 -> -25.30177262062398; enemy_approach_penalty: 0.6131 -> 0.7217; death_snake: -39.5971 -> -49.6329
2026-04-03T13:12:31.732715	7377	03ea6c3d	radical	3	keep	4.2756	1.3	6.9	517	146	43	0.499	[radical] S3/ENEMY_AVOID: max_steps: 2000 -> 2371; starvation_penalty: 0.0066 -> 0.0056; boost_penalty: 0.1151 -> 0.1550; food_reward: 5.3813 -> 3.4002; food_shaping: 0.0969 -> 0.0643
2026-04-03T13:12:34.928245	7378	03da74c4	radical	1	keep	0.6139	1.3	2.1	517	146	43	0.499	[radical] S1/FOOD_VECTOR: wall_proximity_penalty: 0.3725 -> 0.1630; gamma: 0.8835 -> 0.8981; survival: 0.0900 -> 0.1205; food_reward: 2.9935 -> 3.5095; death_wall: -17.1162 -> -12.0498
2026-04-03T13:12:38.125167	7379	f52ec11d	explore	1	keep	0.6139	1.3	2.1	517	146	43	0.499	[explore] S1/FOOD_VECTOR: death_wall: -12.0498 -> -13.8731; survival: 0.1205 -> 0.1249; wall_proximity_penalty: 0.1630 -> 0.1693
2026-04-03T13:12:41.347969	7380	6abd7d79	radical	1	keep	0.6139	1.3	2.1	517	146	43	0.499	[radical] S1/FOOD_VECTOR: wall_proximity_penalty: 0.1693 -> 0.1368; food_reward: 3.5095 -> 4.1571; max_steps: 814 -> 825; survival: 0.1249 -> 0.0998
2026-04-03T13:12:44.530424	7381	552a1a36	tweak	1	keep	0.6139	1.3	2.1	517	146	43	0.499	[tweak] S1/FOOD_VECTOR: no effective changes
2026-04-03T13:13:48.239106	7383	7c1fa3c6	tweak	2	keep	1.0716	1.3	2.7	517	146	43	0.499	[tweak] S2/WALL_AVOID: gamma: 0.9010 -> 0.8876
2026-04-03T13:13:51.453638	7384	f0d42c3b	explore	2	keep	1.0716	1.3	2.7	517	146	43	0.499	[explore] S2/WALL_AVOID: starvation_penalty: 0.0035 -> 0.0044; wall_proximity_penalty: 2.1109 -> 2.5409; gamma: 0.8876 -> 0.8930
2026-04-03T13:13:54.671840	7385	2d23747a	explore	1	keep	0.6139	1.3	2.1	517	146	43	0.499	[explore] S1/FOOD_VECTOR: max_steps: 825 -> 761; survival: 0.0998 -> 0.1218; gamma: 0.8981 -> 0.8808
2026-04-03T13:13:57.895134	7386	0edf9b3d	tweak	5	keep	0.1219	1.3	1.5	517	146	43	0.499	[tweak] S5/MASTERY_SURVIVAL: starvation_penalty: 0.0184 -> 0.0159
2026-04-03T13:14:01.131672	7387	37aad8d6	radical	1	keep	0.6139	1.3	2.1	517	146	43	0.499	[radical] S1/FOOD_VECTOR: food_reward: 4.1571 -> 2.9373; wall_proximity_penalty: 0.1368 -> 0.0740; gamma: 0.8808 -> 0.8845; food_shaping: 1.0000 -> 0.7604; death_snake: -18.2135 -> -19.9704
2026-04-03T13:14:04.394822	7388	0b219cd2	radical	1	keep	0.6139	1.3	2.1	517	146	43	0.499	[radical] S1/FOOD_VECTOR: max_steps: 761 -> 686; food_shaping: 0.7604 -> 0.8991; food_reward: 2.9373 -> 4.0947; survival: 0.1218 -> 0.0915; gamma: 0.8845 -> 0.9094
2026-04-03T13:14:07.609407	7389	ec1fafe7	explore	1	keep	0.6139	1.3	2.1	517	146	43	0.499	[explore] S1/FOOD_VECTOR: gamma: 0.9094 -> 0.8987; food_reward: 4.0947 -> 3.7519; death_snake: -19.9704 -> -23.5711
2026-04-03T13:14:10.825232	7390	cd5c71e4	radical	3	keep	4.2756	1.3	6.9	517	146	43	0.499	[radical] S3/ENEMY_AVOID: max_steps: 2371 -> 1944; enemy_proximity_penalty: 1.0073 -> 0.9629; survival: 0.3000 -> 0.2310; food_reward: 3.4002 -> 2.1080; enemy_approach_penalty: 0.7217 -> 0.9845
2026-04-03T13:14:14.051305	7391	ffe62b88	radical	4	keep	0.2972	1.3	1.7	517	146	43	0.499	[radical] S4/MASS_MANAGEMENT: wall_proximity_penalty: 0.4454 -> 0.3768; starvation_grace_steps: 28 -> 21; boost_penalty: 4.0837 -> 2.8739; death_snake: -40.7427 -> -46.1788; death_wall: -39.4100 -> -28.8799
2026-04-03T13:14:17.275228	7392	2ee4ecf3	tweak	5	keep	0.1219	1.3	1.5	517	146	43	0.499	[tweak] S5/MASTERY_SURVIVAL: starvation_grace_steps: 112 -> 98
2026-04-03T13:15:20.827811	7394	47ca4762	radical	3	keep	4.2756	1.3	6.9	517	146	43	0.499	[radical] S3/ENEMY_AVOID: starvation_grace_steps: 60 -> 61; max_steps: 1944 -> 1669; gamma: 0.9399 -> 0.9039; food_reward: 2.1080 -> 3.0062; boost_penalty: 0.1550 -> 0.1448
2026-04-03T13:15:24.059283	7395	edfb6ea6	tweak	3	keep	4.2756	1.3	6.9	517	146	43	0.499	[tweak] S3/ENEMY_AVOID: boost_penalty: 0.1448 -> 0.1475
2026-04-03T13:15:27.288425	7396	282ffa28	radical	5	keep	0.1219	1.3	1.5	517	146	43	0.499	[radical] S5/MASTERY_SURVIVAL: enemy_alert_dist: 1580 -> 2017; food_shaping: 0.1624 -> 0.0735; food_reward: 5.1798 -> 6.4617; enemy_zone_control_reward: 0.0840 -> 0.0636; length_bonus: 0.0251 -> 0.0185
2026-04-03T13:15:30.483177	7397	667bd38b	radical	2	keep	1.0716	1.3	2.7	517	146	43	0.499	[radical] S2/WALL_AVOID: starvation_grace_steps: 70 -> 40; wall_proximity_penalty: 2.5409 -> 2.0404; survival: 0.2949 -> 0.2394; food_shaping: 0.1278 -> 0.0904; starvation_penalty: 0.0044 -> 0.0018
2026-04-03T13:15:33.719041	7398	d8ae7912	radical	4	keep	0.2972	1.3	1.7	517	146	43	0.499	[radical] S4/MASS_MANAGEMENT: starvation_penalty: 0.0979 -> 0.0895; boost_penalty: 2.8739 -> 3.5715; enemy_approach_penalty: 0.2949 -> 0.1336; food_shaping: 0.1254 -> 0.1455; survival: 0.1186 -> 0.1184
2026-04-03T13:15:36.939805	7399	11642a68	radical	1	keep	0.6139	1.3	2.1	517	146	43	0.499	[radical] S1/FOOD_VECTOR: wall_proximity_penalty: 0.0740 -> 0.0551; food_shaping: 0.8991 -> 1.0000; max_steps: 686 -> 650; food_reward: 3.7519 -> 4.8910; death_wall: -13.8731 -> -14.2816
2026-04-03T13:15:40.157406	7400	ceba8084	tweak	2	keep	1.0716	1.3	2.7	517	146	43	0.499	[tweak] S2/WALL_AVOID: death_snake: -28.9418 -> -27.5464
2026-04-03T13:15:43.403630	7401	85313ea4	tweak	3	keep	4.2756	1.3	6.9	517	146	43	0.499	[tweak] S3/ENEMY_AVOID: max_steps: 1669 -> 1642
2026-04-03T13:16:46.990918	7403	0b885f71	radical	1	keep	0.6139	1.3	2.1	517	146	43	0.499	[radical] S1/FOOD_VECTOR: max_steps: 650 -> 634; death_snake: -23.5711 -> -17.1304; gamma: 0.8987 -> 0.8778; survival: 0.0915 -> 0.1006
2026-04-03T13:16:50.215538	7404	2eb5d4be	tweak	2	keep	1.0716	1.3	2.7	517	146	43	0.499	[tweak] S2/WALL_AVOID: food_reward: 6.7987 -> 6.5809
2026-04-03T13:16:53.428366	7405	52a61ac4	tweak	2	keep	1.0716	1.3	2.7	517	146	43	0.499	[tweak] S2/WALL_AVOID: death_wall: -31.5324 -> -33.9545
2026-04-03T13:16:56.658663	7406	3350687a	radical	4	keep	0.2972	1.3	1.7	517	146	43	0.499	[radical] S4/MASS_MANAGEMENT: wall_proximity_penalty: 0.3768 -> 0.2953; length_bonus: 0.0274 -> 0.0464; food_reward: 7.2272 -> 7.5006; boost_penalty: 3.5715 -> 4.8214; survival_escalation: 0.0026 -> 0.0042
2026-04-03T13:16:59.878758	7407	49697318	tweak	3	keep	4.2756	1.3	6.9	517	146	43	0.499	[tweak] S3/ENEMY_AVOID: enemy_proximity_penalty: 0.9629 -> 0.9430
2026-04-03T13:17:03.080120	7408	fd787a5b	explore	2	keep	1.0716	1.3	2.7	517	146	43	0.499	[explore] S2/WALL_AVOID: gamma: 0.8930 -> 0.9128; food_shaping: 0.0904 -> 0.0802; max_steps: 539 -> 618
2026-04-03T13:17:06.312300	7409	4dfb2600	radical	1	keep	0.6139	1.3	2.1	517	146	43	0.499	[radical] S1/FOOD_VECTOR: food_shaping: 1.0000 -> 0.6386; death_snake: -17.1304 -> -15.7905; max_steps: 634 -> 603; gamma: 0.8778 -> 0.8671; survival: 0.1006 -> 0.0679
2026-04-03T13:17:09.516076	7410	bd705908	tweak	3	keep	4.2756	1.3	6.9	517	146	43	0.499	[tweak] S3/ENEMY_AVOID: enemy_approach_penalty: 0.9845 -> 0.8701
2026-04-03T13:17:12.742956	7411	b6337099	explore	5	keep	0.1219	1.3	1.5	517	146	43	0.499	[explore] S5/MASTERY_SURVIVAL: death_snake: -45.2487 -> -34.6968; length_bonus: 0.0185 -> 0.0150; mass_loss_penalty: 2.8084 -> 2.5222
2026-04-03T13:17:15.983140	7412	fa27892f	explore	1	keep	0.6139	1.3	2.1	517	146	43	0.499	[explore] S1/FOOD_VECTOR: food_reward: 4.8910 -> 4.6946; max_steps: 603 -> 593; food_shaping: 0.6386 -> 0.7446
2026-04-03T13:17:19.234800	7413	bf1c7e8c	explore	1	keep	0.6139	1.3	2.1	517	146	43	0.499	[explore] S1/FOOD_VECTOR: death_wall: -14.2816 -> -12.5598; death_snake: -15.7905 -> -16.4544; max_steps: 593 -> 508
2026-04-03T13:17:22.466049	7414	b23902cd	explore	5	keep	0.1219	1.3	1.5	517	146	43	0.499	[explore] S5/MASTERY_SURVIVAL: max_steps: 3148 -> 3245; contest_food_reward: 1.4541 -> 1.3885; survival: 0.2159 -> 0.1905
2026-04-03T13:17:25.679889	7415	1d1df198	tweak	4	keep	0.2972	1.3	1.7	517	146	43	0.499	[tweak] S4/MASS_MANAGEMENT: boost_penalty: 4.8214 -> 4.6237
2026-04-03T13:17:28.911721	7416	7a31967e	radical	5	keep	0.1219	1.3	1.5	517	146	43	0.499	[radical] S5/MASTERY_SURVIVAL: contest_food_reward: 1.3885 -> 2.2233; enemy_approach_penalty: 0.2451 -> 0.3013; kill_opportunity_reward: 14.0333 -> 7.5471; enemy_proximity_penalty: 1.2464 -> 0.8289; survival: 0.1905 -> 0.1724
2026-04-03T13:18:32.469291	7418	16c31bd2	tweak	5	keep	0.1219	1.3	1.5	517	146	43	0.499	[tweak] S5/MASTERY_SURVIVAL: death_wall: -38.3138 -> -39.0890
2026-04-03T13:18:35.685374	7419	3557223e	explore	5	keep	0.1219	1.3	1.5	517	146	43	0.499	[explore] S5/MASTERY_SURVIVAL: enemy_alert_dist: 2017 -> 1795; enemy_approach_penalty: 0.3013 -> 0.2622; death_snake: -34.6968 -> -33.2505
2026-04-03T13:18:38.926864	7420	9819ae43	explore	4	keep	0.2972	1.3	1.7	517	146	43	0.499	[explore] S4/MASS_MANAGEMENT: mass_loss_penalty: 4.3770 -> 3.3638; length_bonus: 0.0464 -> 0.0646; boost_penalty: 4.6237 -> 4.6212
2026-04-03T13:19:42.534388	7422	f7d34bd7	explore	5	keep	0.1219	1.3	1.5	517	146	43	0.499	[explore] S5/MASTERY_SURVIVAL: death_snake: -33.2505 -> -27.9023; food_reward: 6.4617 -> 5.4004; wall_proximity_penalty: 0.2890 -> 0.2662
2026-04-03T13:20:46.122079	7424	724d2e6f	tweak	2	keep	1.0716	1.3	2.7	517	146	43	0.499	[tweak] S2/WALL_AVOID: max_steps: 618 -> 666
2026-04-03T13:20:49.362489	7425	13f9545d	explore	5	keep	0.1219	1.3	1.5	517	146	43	0.499	[explore] S5/MASTERY_SURVIVAL: survival_escalation: 0.0010 -> 0.0010; kill_opportunity_reward: 7.5471 -> 6.0313; boost_penalty: 4.0000 -> 5.2071
2026-04-03T13:20:52.603789	7426	44985e33	explore	1	keep	0.6139	1.3	2.1	517	146	43	0.499	[explore] S1/FOOD_VECTOR: food_reward: 4.6946 -> 3.6150; wall_proximity_penalty: 0.0551 -> 0.0572; gamma: 0.8671 -> 0.8792
2026-04-03T13:20:55.826989	7427	f81f3483	explore	5	keep	0.1219	1.3	1.5	517	146	43	0.499	[explore] S5/MASTERY_SURVIVAL: enemy_proximity_penalty: 0.8289 -> 1.0977; food_shaping: 0.0735 -> 0.0927; survival_escalation: 0.0010 -> 0.0012
2026-04-03T13:20:59.049521	7428	1ac42fa7	explore	1	keep	0.6139	1.3	2.1	517	146	43	0.499	[explore] S1/FOOD_VECTOR: gamma: 0.8792 -> 0.8750; food_reward: 3.6150 -> 2.8042; wall_proximity_penalty: 0.0572 -> 0.0485
2026-04-03T13:21:02.277269	7429	0d22a061	tweak	2	keep	1.0716	1.3	2.7	517	146	43	0.499	[tweak] S2/WALL_AVOID: survival: 0.2394 -> 0.2142
2026-04-03T13:21:05.505260	7430	71f3b64b	radical	1	keep	0.6139	1.3	2.1	517	146	43	0.499	[radical] S1/FOOD_VECTOR: max_steps: 508 -> 634; death_wall: -12.5598 -> -12.9084; food_reward: 2.8042 -> 2.2129; death_snake: -16.4544 -> -13.1803; food_shaping: 0.7446 -> 0.8568
2026-04-03T13:21:08.730540	7431	86e2dfd3	radical	2	keep	1.0716	1.3	2.7	517	146	43	0.499	[radical] S2/WALL_AVOID: max_steps: 666 -> 659; survival_escalation: 0.0028 -> 0.0031; survival: 0.2142 -> 0.1352; food_shaping: 0.0802 -> 0.1151; death_snake: -27.5464 -> -25.7646
2026-04-03T13:21:11.969457	7432	18477744	explore	4	keep	0.2972	1.3	1.7	517	146	43	0.499	[explore] S4/MASS_MANAGEMENT: death_snake: -46.1788 -> -37.5690; food_shaping: 0.1455 -> 0.0942; mass_loss_penalty: 3.3638 -> 2.8642
2026-04-03T13:21:15.236740	7433	cc9aaf6e	radical	5	keep	0.1219	1.3	1.5	517	146	43	0.499	[radical] S5/MASTERY_SURVIVAL: survival: 0.1724 -> 0.1366; gamma: 0.9771 -> 0.9641; enemy_alert_dist: 1795 -> 1804; starvation_grace_steps: 98 -> 138; wall_proximity_penalty: 0.2662 -> 0.3399
2026-04-03T13:21:18.460312	7434	2f28b6ed	explore	1	keep	0.6139	1.3	2.1	517	146	43	0.499	[explore] S1/FOOD_VECTOR: wall_proximity_penalty: 0.0485 -> 0.0621; death_wall: -12.9084 -> -13.9749; food_reward: 2.2129 -> 1.7672
2026-04-03T13:21:21.673054	7435	6208ff25	radical	3	keep	4.2756	1.3	6.9	517	146	43	0.499	[radical] S3/ENEMY_AVOID: starvation_penalty: 0.0056 -> 0.0022; boost_penalty: 0.1475 -> 0.0953; enemy_approach_penalty: 0.8701 -> 1.3674; death_snake: -49.6329 -> -55.1981; food_shaping: 0.0643 -> 0.0985
2026-04-03T13:21:24.915508	7436	79345d29	radical	3	keep	4.2756	1.3	6.9	517	146	43	0.499	[radical] S3/ENEMY_AVOID: gamma: 0.9039 -> 0.8646; max_steps: 1642 -> 1480; enemy_alert_dist: 1777 -> 2069; enemy_approach_penalty: 1.3674 -> 1.0022; starvation_penalty: 0.0022 -> 0.0008
2026-04-03T13:21:28.128830	7437	272f6159	tweak	1	keep	0.6139	1.3	2.1	517	146	43	0.499	[tweak] S1/FOOD_VECTOR: food_reward: 1.7672 -> 1.8237
2026-04-03T13:21:31.341601	7438	906fad80	tweak	4	keep	0.2972	1.3	1.7	517	146	43	0.499	[tweak] S4/MASS_MANAGEMENT: mass_loss_penalty: 2.8642 -> 3.0142
2026-04-03T13:21:34.550147	7439	d339c139	radical	3	keep	4.2756	1.3	6.9	517	146	43	0.499	[radical] S3/ENEMY_AVOID: death_wall: -25.3018 -> -16.1294; starvation_grace_steps: 61 -> 34; boost_penalty: 0.0953 -> 0.1194; enemy_alert_dist: 2069 -> 2367; death_snake: -55.1981 -> -71.0700
2026-04-03T13:22:38.100136	7441	af257a58	tweak	2	keep	1.0716	1.3	2.7	517	146	43	0.499	[tweak] S2/WALL_AVOID: wall_proximity_penalty: 2.0404 -> 1.6501
2026-04-03T13:22:41.311083	7442	9acbc5e8	radical	1	keep	0.6139	1.3	2.1	517	146	43	0.499	[radical] S1/FOOD_VECTOR: food_shaping: 0.8568 -> 1.0000; max_steps: 634 -> 660; survival: 0.0679 -> 0.0904; death_snake: -13.1803 -> -11.0376; wall_proximity_penalty: 0.0621 -> 0.0667
2026-04-03T13:22:44.535352	7443	18e8af1b	tweak	4	keep	0.2972	1.3	1.7	517	146	43	0.499	[tweak] S4/MASS_MANAGEMENT: starvation_penalty: 0.0895 -> 0.1016
2026-04-03T13:22:47.773589	7444	8bfdb9f5	radical	1	keep	0.6139	1.3	2.1	517	146	43	0.499	[radical] S1/FOOD_VECTOR: wall_proximity_penalty: 0.0667 -> 0.0743; gamma: 0.8750 -> 0.8721; death_wall: -13.9749 -> -16.5715; death_snake: -11.0376 -> -12.5959; max_steps: 660 -> 782
2026-04-03T13:22:50.976109	7445	85375a36	explore	2	keep	1.0716	1.3	2.7	517	146	43	0.499	[explore] S2/WALL_AVOID: survival: 0.1352 -> 0.1363; food_reward: 6.5809 -> 7.2780; food_shaping: 0.1151 -> 0.1453
2026-04-03T13:22:54.199500	7446	28e03ba5	explore	1	keep	0.6139	1.3	2.1	517	146	43	0.499	[explore] S1/FOOD_VECTOR: gamma: 0.8721 -> 0.8491; survival: 0.0904 -> 0.0899; wall_proximity_penalty: 0.0743 -> 0.0605
2026-04-03T13:22:57.424928	7447	51fcc39e	tweak	2	keep	1.0716	1.3	2.7	517	146	43	0.499	[tweak] S2/WALL_AVOID: starvation_grace_steps: 40 -> 37
2026-04-03T13:23:00.606336	7448	e228650e	tweak	1	keep	0.6139	1.3	2.1	517	146	43	0.499	[tweak] S1/FOOD_VECTOR: wall_proximity_penalty: 0.0605 -> 0.0713
2026-04-03T13:23:03.820873	7449	c5416a8f	radical	2	keep	1.0716	1.3	2.7	517	146	43	0.499	[radical] S2/WALL_AVOID: max_steps: 659 -> 529; gamma: 0.9128 -> 0.8800; survival: 0.1363 -> 0.1753; survival_escalation: 0.0031 -> 0.0046; starvation_penalty: 0.0018 -> 0.0013
2026-04-03T13:26:08.121111	7453	9366eac7	explore	3	keep	4.2756	1.3	6.9	517	146	43	0.499	[explore] S3/ENEMY_AVOID: death_wall: -16.1294 -> -14.0129; starvation_penalty: 0.0008 -> 0.0011; boost_penalty: 0.1194 -> 0.1040
2026-04-03T13:26:11.314925	7454	0a9e4dc1	tweak	2	keep	1.0716	1.3	2.7	517	146	43	0.499	[tweak] S2/WALL_AVOID: starvation_grace_steps: 37 -> 40
2026-04-03T13:26:14.490543	7455	216f1330	explore	3	keep	4.2756	1.3	6.9	517	146	43	0.499	[explore] S3/ENEMY_AVOID: food_reward: 3.0062 -> 3.2387; enemy_approach_penalty: 1.0022 -> 0.9606; starvation_penalty: 0.0011 -> 0.0015
2026-04-03T13:26:17.670543	7456	ce075b27	radical	1	keep	0.6139	1.3	2.1	517	146	43	0.499	[radical] S1/FOOD_VECTOR: death_snake: -12.5959 -> -16.6671; food_reward: 1.8237 -> 2.1341; wall_proximity_penalty: 0.0713 -> 0.0287; survival: 0.0899 -> 0.0927
2026-04-03T13:26:20.836413	7457	01147c1d	radical	2	keep	1.0716	1.3	2.7	517	146	43	0.499	[radical] S2/WALL_AVOID: survival_escalation: 0.0046 -> 0.0074; death_snake: -25.7646 -> -26.3137; gamma: 0.8800 -> 0.8510; death_wall: -33.9545 -> -28.0702; starvation_penalty: 0.0013 -> 0.0022
2026-04-03T13:26:23.993089	7458	fbbc2010	radical	2	keep	1.0716	1.3	2.7	517	146	43	0.499	[radical] S2/WALL_AVOID: wall_proximity_penalty: 1.6501 -> 2.4932; gamma: 0.8510 -> 0.8402; max_steps: 529 -> 461; food_shaping: 0.1453 -> 0.0718; death_wall: -28.0702 -> -34.4224
2026-04-03T13:26:27.185157	7459	542141d0	tweak	4	keep	0.2972	1.3	1.7	517	146	43	0.499	[tweak] S4/MASS_MANAGEMENT: death_wall: -28.8799 -> -28.9568
2026-04-03T13:27:30.727649	7461	c0d115d3	explore	4	keep	0.2972	1.3	1.7	517	146	43	0.499	[explore] S4/MASS_MANAGEMENT: mass_loss_penalty: 3.0142 -> 1.8492; starvation_penalty: 0.1016 -> 0.0782; death_snake: -37.5690 -> -40.5288
2026-04-03T13:27:33.889523	7462	9f69930a	radical	1	keep	0.6139	1.3	2.1	517	146	43	0.499	[radical] S1/FOOD_VECTOR: gamma: 0.8491 -> 0.8152; food_reward: 2.1341 -> 2.4464; wall_proximity_penalty: 0.0287 -> 0.0371; death_wall: -16.5715 -> -22.4242; death_snake: -16.6671 -> -16.7963
2026-04-03T13:27:37.068344	7463	1a0536a5	tweak	5	keep	0.1219	1.3	1.5	517	146	43	0.499	[tweak] S5/MASTERY_SURVIVAL: food_reward: 5.4004 -> 4.6001
2026-04-03T13:27:40.283916	7464	93bd94c6	explore	1	keep	0.6139	1.3	2.1	517	146	43	0.499	[explore] S1/FOOD_VECTOR: gamma: 0.8152 -> 0.8345; death_wall: -22.4242 -> -22.0904
2026-04-03T13:28:43.841971	7466	1b5e1e8f	explore	1	keep	0.6139	1.3	2.1	517	146	43	0.499	[explore] S1/FOOD_VECTOR: food_shaping: 1.0000 -> 0.6978; death_wall: -22.0904 -> -20.3663; wall_proximity_penalty: 0.0371 -> 0.0514
2026-04-03T13:28:47.014339	7467	175b0e8e	radical	3	keep	4.2756	1.3	6.9	517	146	43	0.499	[radical] S3/ENEMY_AVOID: starvation_penalty: 0.0015 -> 0.0006; survival: 0.2310 -> 0.2998; enemy_approach_penalty: 0.9606 -> 0.5168; max_steps: 1480 -> 1242; death_wall: -14.0129 -> -12.0316
2026-04-03T13:28:50.213062	7468	7ed83928	tweak	5	keep	0.1219	1.3	1.5	517	146	43	0.499	[tweak] S5/MASTERY_SURVIVAL: enemy_alert_dist: 1804 -> 1678
2026-04-03T13:28:53.376685	7469	a0fbdbe5	radical	2	keep	1.0716	1.3	2.7	517	146	43	0.499	[radical] S2/WALL_AVOID: starvation_grace_steps: 40 -> 33; survival_escalation: 0.0074 -> 0.0100; survival: 0.1753 -> 0.2155; food_shaping: 0.0718 -> 0.0507; starvation_penalty: 0.0022 -> 0.0036
2026-04-03T13:28:56.543674	7470	a06f671b	radical	1	keep	0.6139	1.3	2.1	517	146	43	0.499	[radical] S1/FOOD_VECTOR: food_reward: 2.4464 -> 1.5282; food_shaping: 0.6978 -> 0.6706; max_steps: 782 -> 652; survival: 0.0927 -> 0.0673; death_snake: -16.7963 -> -12.3910
2026-04-03T13:28:59.721951	7471	33f55f61	radical	1	keep	0.6139	1.3	2.1	517	146	43	0.499	[radical] S1/FOOD_VECTOR: food_shaping: 0.6706 -> 0.4921; wall_proximity_penalty: 0.0514 -> 0.0277; death_snake: -12.3910 -> -15.3781; food_reward: 1.5282 -> 1.2924; death_wall: -20.3663 -> -18.1130
2026-04-03T13:30:03.241710	7473	7e0df8b1	tweak	4	keep	0.2972	1.3	1.7	517	146	43	0.499	[tweak] S4/MASS_MANAGEMENT: food_reward: 7.5006 -> 7.5900
2026-04-03T13:30:06.436666	7474	fa7573ba	explore	2	keep	1.0716	1.3	2.7	517	146	43	0.499	[explore] S2/WALL_AVOID: survival: 0.2155 -> 0.2642; starvation_penalty: 0.0036 -> 0.0047
2026-04-03T13:30:09.610434	7475	3bc53bbf	explore	4	keep	0.2972	1.3	1.7	517	146	43	0.499	[explore] S4/MASS_MANAGEMENT: boost_penalty: 4.6212 -> 2.9363; survival: 0.1184 -> 0.0834; max_steps: 2000 -> 2240
2026-04-03T13:30:12.794407	7476	6671a3bc	radical	2	keep	1.0716	1.3	2.7	517	146	43	0.499	[radical] S2/WALL_AVOID: food_shaping: 0.0507 -> 0.0618; death_snake: -26.3137 -> -19.8106; wall_proximity_penalty: 2.4932 -> 2.2755; gamma: 0.8402 -> 0.8088
2026-04-03T13:32:16.713586	7479	8571a731	radical	1	keep	0.6139	1.3	2.1	517	146	43	0.499	[radical] S1/FOOD_VECTOR: survival: 0.0673 -> 0.0951; wall_proximity_penalty: 0.0277 -> 0.0343; death_wall: -18.1130 -> -14.5215; death_snake: -15.3781 -> -10.7835; gamma: 0.8345 -> 0.8534
2026-04-03T13:33:20.242633	7481	b72846cd	tweak	3	keep	4.2756	1.3	6.9	517	146	43	0.499	[tweak] S3/ENEMY_AVOID: death_snake: -71.0700 -> -63.0341
2026-04-03T13:33:23.422348	7482	b2e99dd0	radical	2	keep	1.0716	1.3	2.7	517	146	43	0.499	[radical] S2/WALL_AVOID: death_snake: -19.8106 -> -26.9190; wall_proximity_penalty: 2.2755 -> 1.6363; death_wall: -34.4224 -> -47.0173; food_reward: 7.2780 -> 7.8002; survival: 0.2642 -> 0.3359
2026-04-03T13:34:26.984088	7484	f7e51f0e	explore	4	keep	0.2972	1.3	1.7	517	146	43	0.499	[explore] S4/MASS_MANAGEMENT: food_reward: 7.5900 -> 8.7888; boost_penalty: 2.9363 -> 3.0054; starvation_penalty: 0.0782 -> 0.1094
2026-04-03T13:34:30.162374	7485	76cac43a	tweak	3	keep	4.2756	1.3	6.9	517	146	43	0.499	[tweak] S3/ENEMY_AVOID: boost_penalty: 0.1040 -> 0.1057
2026-04-03T13:34:33.336401	7486	4861bb97	radical	2	keep	1.0716	1.3	2.7	517	146	43	0.499	[radical] S2/WALL_AVOID: food_shaping: 0.0618 -> 0.0716; max_steps: 461 -> 411; food_reward: 7.8002 -> 7.5785; wall_proximity_penalty: 1.6363 -> 0.7752
2026-04-03T13:34:36.522574	7487	585cc9af	tweak	2	keep	1.0716	1.3	2.7	517	146	43	0.499	[tweak] S2/WALL_AVOID: death_wall: -47.0173 -> -43.6247
2026-04-03T13:34:39.691604	7488	5a78ff43	radical	3	keep	4.2756	1.3	6.9	517	146	43	0.499	[radical] S3/ENEMY_AVOID: boost_penalty: 0.1057 -> 0.1144; gamma: 0.8646 -> 0.8684; death_snake: -63.0341 -> -76.9905; food_reward: 3.2387 -> 4.5370; enemy_approach_penalty: 0.5168 -> 0.6828
2026-04-03T13:34:42.889344	7489	6c04851e	radical	1	keep	0.6139	1.3	2.1	517	146	43	0.499	[radical] S1/FOOD_VECTOR: death_wall: -14.5215 -> -13.1553; max_steps: 652 -> 474; death_snake: -10.7835 -> -12.1339; wall_proximity_penalty: 0.0343 -> 0.0155; survival: 0.0951 -> 0.1174
2026-04-03T13:34:46.076797	7490	4706efbb	radical	1	keep	0.6139	1.3	2.1	517	146	43	0.499	[radical] S1/FOOD_VECTOR: wall_proximity_penalty: 0.0155 -> 0.0224; survival: 0.1174 -> 0.0988; food_reward: 1.2924 -> 1.8068; death_snake: -12.1339 -> -16.4392; gamma: 0.8534 -> 0.8895
2026-04-03T13:34:49.303873	7491	1c0bfd5b	radical	1	keep	0.6139	1.3	2.1	517	146	43	0.499	[radical] S1/FOOD_VECTOR: survival: 0.0988 -> 0.1048; gamma: 0.8895 -> 0.9059; death_snake: -16.4392 -> -13.2163; food_reward: 1.8068 -> 1.0149; death_wall: -13.1553 -> -10.7592
2026-04-03T13:35:52.895767	7493	e4addb03	explore	4	keep	0.2972	1.3	1.7	517	146	43	0.499	[explore] S4/MASS_MANAGEMENT: death_snake: -40.5288 -> -49.5166; boost_penalty: 3.0054 -> 3.3043; enemy_approach_penalty: 0.1336 -> 0.1435
2026-04-03T13:36:56.464533	7495	0383fa67	tweak	3	keep	4.2756	1.3	6.9	517	146	43	0.499	[tweak] S3/ENEMY_AVOID: enemy_approach_penalty: 0.6828 -> 0.6474
2026-04-03T13:36:59.680554	7496	6e98d83e	radical	3	keep	4.2756	1.3	6.9	517	146	43	0.499	[radical] S3/ENEMY_AVOID: starvation_penalty: 0.0006 -> 0.0010; survival: 0.2998 -> 0.2970; enemy_approach_penalty: 0.6474 -> 0.6948; gamma: 0.8684 -> 0.9039; max_steps: 1242 -> 950
2026-04-03T13:37:02.916859	7497	c1a93b50	explore	1	keep	0.6139	1.3	2.1	517	146	43	0.499	[explore] S1/FOOD_VECTOR: food_reward: 1.0149 -> 1.1934; death_snake: -13.2163 -> -10.0699; survival: 0.1048 -> 0.0881
2026-04-03T13:37:06.126365	7498	aa49dadd	explore	2	keep	1.0716	1.3	2.7	517	146	43	0.499	[explore] S2/WALL_AVOID: survival_escalation: 0.0100 -> 0.0063; death_wall: -43.6247 -> -48.7104; food_shaping: 0.0716 -> 0.0769
2026-04-03T13:37:09.343174	7499	58e60aeb	radical	5	keep	0.1219	1.3	1.5	517	146	43	0.499	[radical] S5/MASTERY_SURVIVAL: enemy_approach_penalty: 0.2622 -> 0.1258; enemy_alert_dist: 1678 -> 2206; mass_loss_penalty: 2.5222 -> 1.8905; wall_proximity_penalty: 0.3399 -> 0.5172; survival: 0.1366 -> 0.0794
2026-04-03T13:37:12.573248	7500	64c2b6eb	explore	3	keep	4.2756	1.3	6.9	517	146	43	0.499	[explore] S3/ENEMY_AVOID: food_shaping: 0.0985 -> 0.1021; survival: 0.2970 -> 0.2457; enemy_proximity_penalty: 0.9430 -> 0.9892
2026-04-03T13:37:15.801491	7501	f6ef997f	explore	3	keep	4.2756	1.3	6.9	517	146	43	0.499	[explore] S3/ENEMY_AVOID: starvation_penalty: 0.0010 -> 0.0012; survival: 0.2457 -> 0.2659; starvation_grace_steps: 34 -> 39
2026-04-03T13:37:19.015211	7502	32b2fd65	tweak	2	keep	1.0716	1.3	2.7	517	146	43	0.499	[tweak] S2/WALL_AVOID: max_steps: 411 -> 409
2026-04-03T13:37:22.253096	7503	ed8740b6	explore	1	keep	0.6139	1.3	2.1	517	146	43	0.499	[explore] S1/FOOD_VECTOR: wall_proximity_penalty: 0.0224 -> 0.0233; food_shaping: 0.4921 -> 0.4596; food_reward: 1.1934 -> 1.2136
2026-04-03T13:37:25.504759	7504	65e338d9	explore	5	keep	0.1219	1.3	1.5	517	146	43	0.499	[explore] S5/MASTERY_SURVIVAL: enemy_zone_control_reward: 0.0636 -> 0.0550; death_snake: -27.9023 -> -23.3698; enemy_alert_dist: 2206 -> 1992
2026-04-03T13:37:28.729342	7505	337e19c0	tweak	5	keep	0.1219	1.3	1.5	517	146	43	0.499	[tweak] S5/MASTERY_SURVIVAL: boost_penalty: 5.2071 -> 5.8854
2026-04-03T13:37:31.951193	7506	cb6b3428	radical	5	keep	0.1219	1.3	1.5	517	146	43	0.499	[radical] S5/MASTERY_SURVIVAL: kill_opportunity_reward: 6.0313 -> 7.8312; gamma: 0.9641 -> 0.9918; enemy_proximity_penalty: 1.0977 -> 1.6428; death_wall: -39.0890 -> -38.6678; survival_escalation: 0.0012 -> 0.0019
2026-04-03T13:38:35.530432	7508	bca6a511	tweak	5	keep	0.1219	1.3	1.5	517	146	43	0.499	[tweak] S5/MASTERY_SURVIVAL: enemy_alert_dist: 1992 -> 1864
2026-04-03T13:38:38.754317	7509	3bfa7205	tweak	3	keep	4.2756	1.3	6.9	517	146	43	0.499	[tweak] S3/ENEMY_AVOID: food_shaping: 0.1021 -> 0.0900
2026-04-03T13:38:41.965130	7510	1921144c	explore	3	keep	4.2756	1.3	6.9	517	146	43	0.499	[explore] S3/ENEMY_AVOID: enemy_proximity_penalty: 0.9892 -> 1.2839; death_snake: -76.9905 -> -61.8647; survival: 0.2659 -> 0.3060
2026-04-03T13:39:45.560104	7512	fce32ec5	radical	1	keep	0.6139	1.3	2.1	517	146	43	0.499	[radical] S1/FOOD_VECTOR: max_steps: 474 -> 494; death_snake: -10.0699 -> -11.2059; food_reward: 1.2136 -> 1.2748; death_wall: -10.7592 -> -12.6553; survival: 0.0881 -> 0.0965
2026-04-03T13:39:48.801563	7513	1ea82e7f	tweak	4	keep	0.2972	1.3	1.7	517	146	43	0.499	[tweak] S4/MASS_MANAGEMENT: food_reward: 8.7888 -> 9.4423
2026-04-03T13:39:52.024501	7514	8cd7b102	radical	1	keep	0.6139	1.3	2.1	517	146	43	0.499	[radical] S1/FOOD_VECTOR: death_snake: -11.2059 -> -11.2131; wall_proximity_penalty: 0.0233 -> 0.0324; food_shaping: 0.4596 -> 0.7171; death_wall: -12.6553 -> -15.9857; max_steps: 494 -> 560
2026-04-03T13:40:55.591441	7516	a9e8be5c	tweak	2	keep	1.0716	1.3	2.7	517	146	43	0.499	[tweak] S2/WALL_AVOID: death_wall: -48.7104 -> -50.1516
2026-04-03T13:40:58.783455	7517	657b6a6e	radical	5	keep	0.1219	1.3	1.5	517	146	43	0.499	[radical] S5/MASTERY_SURVIVAL: contest_food_reward: 2.2233 -> 2.8192; enemy_approach_penalty: 0.1258 -> 0.1420; length_bonus: 0.0150 -> 0.0077; max_steps: 3245 -> 4035; enemy_alert_dist: 1864 -> 1924
2026-04-03T13:41:01.967790	7518	0d43f3eb	tweak	1	keep	0.6139	1.3	2.1	517	146	43	0.499	[tweak] S1/FOOD_VECTOR: gamma: 0.9059 -> 0.9176
2026-04-03T13:41:05.154255	7519	b08cb305	tweak	1	keep	0.6139	1.3	2.1	517	146	43	0.499	[tweak] S1/FOOD_VECTOR: max_steps: 560 -> 537
2026-04-03T13:41:08.349195	7520	02cfe90e	radical	2	keep	1.0716	1.3	2.7	517	146	43	0.499	[radical] S2/WALL_AVOID: survival: 0.3359 -> 0.2356; gamma: 0.8088 -> 0.8000; wall_proximity_penalty: 0.7752 -> 0.5157; starvation_grace_steps: 33 -> 38; food_reward: 7.5785 -> 4.4131
2026-04-03T13:42:11.898470	7522	1907bda4	tweak	3	keep	4.2756	1.3	6.9	517	146	43	0.499	[tweak] S3/ENEMY_AVOID: starvation_grace_steps: 39 -> 42
2026-04-03T13:42:15.086235	7523	27c187cf	radical	2	keep	1.0716	1.3	2.7	517	146	43	0.499	[radical] S2/WALL_AVOID: food_shaping: 0.0769 -> 0.0833; starvation_penalty: 0.0047 -> 0.0057; death_wall: -50.1516 -> -38.9668; survival: 0.2356 -> 0.2677
2026-04-03T13:42:18.264117	7524	28c17815	tweak	2	keep	1.0716	1.3	2.7	517	146	43	0.499	[tweak] S2/WALL_AVOID: survival: 0.2677 -> 0.2631
2026-04-03T13:42:21.480631	7525	13765c61	radical	1	keep	0.6139	1.3	2.1	517	146	43	0.499	[radical] S1/FOOD_VECTOR: gamma: 0.9176 -> 0.9115; food_reward: 1.2748 -> 1.0000; max_steps: 537 -> 653; survival: 0.0965 -> 0.0550; wall_proximity_penalty: 0.0324 -> 0.0287
2026-04-03T13:42:24.644537	7526	8895a5fe	explore	1	keep	0.6139	1.3	2.1	517	146	43	0.499	[explore] S1/FOOD_VECTOR: gamma: 0.9115 -> 0.8870; max_steps: 653 -> 680; death_snake: -11.2131 -> -9.7151
2026-04-03T13:42:27.834801	7527	a8ca9e07	explore	5	keep	0.1219	1.3	1.5	517	146	43	0.499	[explore] S5/MASTERY_SURVIVAL: wall_proximity_penalty: 0.5172 -> 0.3813; boost_penalty: 5.8854 -> 6.0475; death_wall: -38.6678 -> -31.9403
2026-04-03T13:42:31.010926	7528	e983d971	explore	3	keep	4.2756	1.3	6.9	517	146	43	0.499	[explore] S3/ENEMY_AVOID: survival: 0.3060 -> 0.3090; max_steps: 950 -> 1000; starvation_penalty: 0.0012 -> 0.0011
2026-04-03T13:42:34.183835	7529	dcd4dbcd	explore	5	keep	0.1219	1.3	1.5	517	146	43	0.499	[explore] S5/MASTERY_SURVIVAL: enemy_approach_penalty: 0.1420 -> 0.1043; starvation_penalty: 0.0159 -> 0.0116; length_bonus: 0.0077 -> 0.0061
2026-04-03T13:42:37.350780	7530	5cdb10ec	explore	5	keep	0.1219	1.3	1.5	517	146	43	0.499	[explore] S5/MASTERY_SURVIVAL: survival_escalation: 0.0019 -> 0.0019; enemy_zone_control_reward: 0.0550 -> 0.0659; death_wall: -31.9403 -> -36.7014
2026-04-03T13:45:04.974159	7533	5c262953	tweak	4	keep	0.2972	1.3	1.7	517	146	43	0.499	[tweak] S4/MASS_MANAGEMENT: starvation_grace_steps: 21 -> 23
2026-04-03T13:45:13.287185	7534	12ddfb8c	radical	3	keep	4.2756	1.3	6.9	517	146	43	0.499	[radical] S3/ENEMY_AVOID: death_snake: -61.8647 -> -44.2153; death_wall: -12.0316 -> -7.6607; enemy_proximity_penalty: 1.2839 -> 2.0444; food_reward: 4.5370 -> 3.7630; boost_penalty: 0.1144 -> 0.1211
2026-04-03T13:45:21.568347	7535	f783f65e	tweak	2	keep	1.0716	1.3	2.7	517	146	43	0.499	[tweak] S2/WALL_AVOID: wall_proximity_penalty: 0.5157 -> 0.4855
2026-04-03T13:45:29.959699	7536	536a31bb	tweak	2	keep	1.0716	1.3	2.7	517	146	43	0.499	[tweak] S2/WALL_AVOID: death_snake: -26.9190 -> -26.8075
2026-04-03T13:45:38.944668	7537	bcc76d26	tweak	1	keep	0.6139	1.3	2.1	517	146	43	0.499	[tweak] S1/FOOD_VECTOR: death_wall: -12.9250 -> -13.9503
2026-04-03T13:45:48.236161	7538	7fe34e14	tweak	5	keep	0.1219	1.3	1.5	517	146	43	0.499	[tweak] S5/MASTERY_SURVIVAL: enemy_proximity_penalty: 1.6428 -> 1.4243
2026-04-03T13:45:57.509948	7539	aa818064	radical	2	keep	1.0716	1.3	2.7	517	146	43	0.499	[radical] S2/WALL_AVOID: starvation_grace_steps: 38 -> 31; survival_escalation: 0.0063 -> 0.0066; max_steps: 409 -> 323; food_reward: 4.4131 -> 2.5461; death_snake: -26.8075 -> -18.8670
2026-04-03T13:46:07.391725	7540	1e049830	radical	1	keep	0.6139	1.3	2.1	517	146	43	0.499	[radical] S1/FOOD_VECTOR: food_shaping: 0.7171 -> 0.5719; survival: 0.0550 -> 0.0349; gamma: 0.8622 -> 0.8421; wall_proximity_penalty: 0.0287 -> 0.0324; death_snake: -9.7151 -> -11.5076
2026-04-03T13:46:16.973875	7541	36493bfc	tweak	2	keep	1.0716	1.3	2.7	517	146	43	0.499	[tweak] S2/WALL_AVOID: wall_proximity_penalty: 0.4855 -> 0.4069
2026-04-03T13:46:26.651216	7542	fa9694cd	radical	3	keep	4.2756	1.3	6.9	517	146	43	0.499	[radical] S3/ENEMY_AVOID: food_reward: 3.7630 -> 4.5647; enemy_proximity_penalty: 2.0444 -> 1.7526; boost_penalty: 0.1211 -> 0.0756; death_wall: -7.6607 -> -5.6958; max_steps: 1000 -> 832
2026-04-03T13:47:35.439814	7544	2529ccb7	radical	5	keep	0.1219	1.3	1.5	517	146	43	0.499	[radical] S5/MASTERY_SURVIVAL: death_wall: -36.7014 -> -27.6908; enemy_alert_dist: 1924 -> 1471; death_snake: -23.3698 -> -31.6877; food_reward: 4.6001 -> 3.8784; gamma: 0.9918 -> 0.9950
2026-04-03T13:47:43.888646	7545	40b7c8a6	explore	2	keep	1.0716	1.3	2.7	517	146	43	0.499	[explore] S2/WALL_AVOID: wall_proximity_penalty: 0.4069 -> 0.2468; food_reward: 2.5461 -> 2.3662; survival_escalation: 0.0066 -> 0.0074
2026-04-03T13:48:52.599881	7547	8feef698	explore	4	keep	0.2972	1.3	1.7	517	146	43	0.499	[explore] S4/MASS_MANAGEMENT: death_wall: -28.9568 -> -33.4481; food_shaping: 0.0942 -> 0.0567; death_snake: -49.5166 -> -59.8643
2026-04-03T13:49:01.017592	7548	0fa93f0d	explore	3	keep	4.2756	1.3	6.9	517	146	43	0.499	[explore] S3/ENEMY_AVOID: survival: 0.3090 -> 0.3847; food_reward: 4.5647 -> 3.7535; max_steps: 832 -> 842
2026-04-03T13:49:09.426737	7549	d899b7b3	explore	3	keep	4.2756	1.3	6.9	517	146	43	0.499	[explore] S3/ENEMY_AVOID: death_wall: -5.6958 -> -5.0000; enemy_proximity_penalty: 1.7526 -> 1.2639; survival: 0.3847 -> 0.3055
2026-04-03T13:49:17.803581	7550	d0ab58f4	radical	4	keep	0.2972	1.3	1.7	517	146	43	0.499	[radical] S4/MASS_MANAGEMENT: food_shaping: 0.0567 -> 0.0570; gamma: 0.9581 -> 0.9203; wall_proximity_penalty: 0.2953 -> 0.2297; max_steps: 2240 -> 2651; death_snake: -59.8643 -> -71.1186
2026-04-03T13:49:26.204366	7551	beb14793	radical	4	keep	0.2972	1.3	1.7	517	146	43	0.499	[radical] S4/MASS_MANAGEMENT: death_snake: -71.1186 -> -63.3446; mass_loss_penalty: 1.8492 -> 1.7528; max_steps: 2651 -> 2526; survival_escalation: 0.0042 -> 0.0055; enemy_alert_dist: 2679 -> 3225
2026-04-03T13:49:34.570185	7552	b0793d15	explore	1	keep	0.6139	1.3	2.1	517	146	43	0.499	[explore] S1/FOOD_VECTOR: gamma: 0.8421 -> 0.8545; food_reward: 1.0000 -> 1.0717; death_snake: -11.5076 -> -12.5361
2026-04-03T13:49:42.950498	7553	194bc3c4	explore	1	keep	0.6139	1.3	2.1	517	146	43	0.499	[explore] S1/FOOD_VECTOR: food_reward: 1.0717 -> 1.0141; gamma: 0.8545 -> 0.8458; wall_proximity_penalty: 0.0324 -> 0.0239
2026-04-03T13:49:51.305426	7554	8dbe8e70	explore	1	keep	0.6139	1.3	2.1	517	146	43	0.499	[explore] S1/FOOD_VECTOR: death_wall: -13.9503 -> -14.7827; wall_proximity_penalty: 0.0239 -> 0.0331; gamma: 0.8458 -> 0.8467
2026-04-03T13:49:59.684660	7555	d6e61b44	tweak	2	keep	1.0716	1.3	2.7	517	146	43	0.499	[tweak] S2/WALL_AVOID: survival_escalation: 0.0074 -> 0.0073
2026-04-03T13:50:08.049126	7556	ef2551e4	radical	1	keep	0.6139	1.3	2.1	517	146	43	0.499	[radical] S1/FOOD_VECTOR: death_snake: -12.5361 -> -8.3467; wall_proximity_penalty: 0.0331 -> 0.0262; food_reward: 1.0141 -> 1.0000; max_steps: 560 -> 607; gamma: 0.8467 -> 0.8265
2026-04-03T13:50:16.423372	7557	e7ac1b55	explore	3	keep	4.2756	1.3	6.9	517	146	43	0.499	[explore] S3/ENEMY_AVOID: death_wall: -5 -> -6.204458900241613; enemy_approach_penalty: 0.6948 -> 0.8866; starvation_grace_steps: 42 -> 38
2026-04-03T13:51:25.128101	7559	43ce981f	radical	2	keep	1.0716	1.3	2.7	517	146	43	0.499	[radical] S2/WALL_AVOID: max_steps: 323 -> 287; death_snake: -18.8670 -> -14.4269; starvation_penalty: 0.0057 -> 0.0092; survival_escalation: 0.0073 -> 0.0100; food_shaping: 0.0833 -> 0.0723
2026-04-03T13:51:33.471208	7560	65c22c89	explore	1	keep	0.6139	1.3	2.1	517	146	43	0.499	[explore] S1/FOOD_VECTOR: death_snake: -8.3467 -> -8.0149; gamma: 0.8265 -> 0.8243; survival: 0.0349 -> 0.0346
2026-04-03T13:51:41.833758	7561	5ef8766f	explore	1	keep	0.6139	1.3	2.1	517	146	43	0.499	[explore] S1/FOOD_VECTOR: survival: 0.0346 -> 0.0404; wall_proximity_penalty: 0.0262 -> 0.0358; gamma: 0.8243 -> 0.8038
2026-04-03T13:51:50.222321	7562	36d0fe60	tweak	5	keep	0.1219	1.3	1.5	517	146	43	0.499	[tweak] S5/MASTERY_SURVIVAL: enemy_approach_penalty: 0.1043 -> 0.1034
2026-04-03T13:51:58.623572	7563	30dbf294	radical	5	keep	0.1219	1.3	1.5	517	146	43	0.499	[radical] S5/MASTERY_SURVIVAL: kill_opportunity_reward: 7.8312 -> 10.5263; death_wall: -27.6908 -> -23.6640; contest_food_reward: 2.8192 -> 0.9186; enemy_proximity_penalty: 1.4243 -> 1.7712; enemy_alert_dist: 1471 -> 1329
2026-04-03T13:54:07.630651	7566	02215ff4	tweak	1	keep	0.6139	1.3	2.1	517	146	43	0.499	[tweak] S1/FOOD_VECTOR: death_wall: -14.7827 -> -12.9976
2026-04-03T13:54:15.962558	7567	11d35656	explore	3	keep	4.2756	1.3	6.9	517	146	43	0.499	[explore] S3/ENEMY_AVOID: starvation_penalty: 0.0011 -> 0.0014; starvation_grace_steps: 38 -> 48; death_wall: -6.2045 -> -5.2937
2026-04-03T13:54:24.290236	7568	a0f980ce	explore	3	keep	4.2756	1.3	6.9	517	146	43	0.499	[explore] S3/ENEMY_AVOID: gamma: 0.9039 -> 0.9291; death_snake: -44.2153 -> -42.1862; enemy_proximity_penalty: 1.2639 -> 1.1236
2026-04-04T02:25:32.907772	7570	84af41ed	radical	1	keep	0.4422	1.3	1.9	425	122	39	0.408	[radical] S1/FOOD_VECTOR: wall_proximity_penalty: 0.0358 -> 0.0376; survival: 0.0404 -> 0.0458; death_snake: -8.0149 -> -10.9736; max_steps: 607 -> 427
2026-04-04T22:12:16.891028	7571	745c29fa	tweak	5	discard	-0.0338	1.3	1.3	426	122	39	0.408	[tweak] S5/MASTERY_SURVIVAL: food_reward: 3.8784 -> 4.2136
2026-04-04T23:06:39.937772	7572	381aa5a9	radical	5	discard	-0.0387	1.3	1.2	427	122	39	0.416	[radical] S5/MASTERY_SURVIVAL: food_shaping: 0.0927 -> 0.1276; wall_proximity_penalty: 0.3813 -> 0.5390; gamma: 0.9950 -> 0.9764; death_snake: -31.6877 -> -41.6929; enemy_approach_penalty: 0.1034 -> 0.0766
2026-04-05T11:36:46.877864	7573	fee12927	tweak	2	keep	0.5501	1.3	2.0	361	106	40	0.385	[tweak] S2/WALL_AVOID: gamma: 0.8000 -> 0.8093
2026-04-06T00:06:53.347548	7574	7923f655	tweak	1	keep	0.1120	1.3	1.4	369	106	38	0.419	[tweak] S1/FOOD_VECTOR: max_steps: 427 -> 389
2026-04-06T01:30:49.600067	7575	b62f1ac9	tweak	4	discard	0.0083	1.3	1.3	381	109	38	0.445	[tweak] S4/MASS_MANAGEMENT: enemy_approach_penalty: 0.1435 -> 0.1546
2026-04-06T19:34:21.874996	7577	8c187be2	explore	2	discard	-0.0095	1.5	1.5	369	106	38	0.419	[explore] S2/WALL_AVOID: wall_proximity_penalty: 0.2468 -> 0.1803; food_reward: 2.3662 -> 2.6590; max_steps: 287 -> 241
2026-04-07T08:05:17.626928	7578	c46d02f6	radical	1	discard	-0.0177	1.3	1.3	344	98	35	0.348	[radical] S1/FOOD_VECTOR: max_steps: 389 -> 499; wall_proximity_penalty: 0.0376 -> 0.0400; food_shaping: 0.5719 -> 0.8768; survival: 0.0458 -> 0.0574; death_wall: -12.9976 -> -12.2138
2026-04-07T20:35:26.248884	7579	3a3279ff	tweak	3	keep	0.0699	1.3	1.4	425	119	39	0.441	[tweak] S3/ENEMY_AVOID: enemy_alert_dist: 2367 -> 2395
2026-04-08T09:05:35.864703	7580	5ecee366	explore	2	keep	0.1919	1.5	1.8	452	128	40	0.486	[explore] S2/WALL_AVOID: food_shaping: 0.0723 -> 0.0947; wall_proximity_penalty: 0.2468 -> 0.3440; starvation_penalty: 0.0092 -> 0.0137
2026-04-08T21:47:03.489392	7581	5f3f12c7	explore	4	keep	0.1296	1.3	1.5	452	128	40	0.486	[explore] S4/MASS_MANAGEMENT: death_wall: -33.4481 -> -31.0162; death_snake: -63.3446 -> -47.6986; food_reward: 9.4423 -> 11.4440
2026-04-08T21:47:06.755804	7582	b8c051db	radical	1	keep	0.1265	1.3	1.5	452	128	40	0.486	[radical] S1/FOOD_VECTOR: max_steps: 389 -> 289; survival: 0.0458 -> 0.0626; food_shaping: 0.5719 -> 0.5860; wall_proximity_penalty: 0.0376 -> 0.0372; food_reward: 1.0000 -> 1.0415
2026-04-08T21:48:10.371427	7584	a3fb8a8a	tweak	1	keep	0.1265	1.3	1.5	452	128	40	0.486	[tweak] S1/FOOD_VECTOR: death_snake: -10.9736 -> -11.1977
2026-04-08T21:48:13.395303	7585	bd9a9daf	explore	3	discard	-0.1204	1.3	1.1	452	128	40	0.486	[explore] S3/ENEMY_AVOID: enemy_alert_dist: 2395 -> 2928; starvation_penalty: 0.0014 -> 0.0019; max_steps: 842 -> 930
2026-04-08T21:48:16.685263	7586	e71cb9dd	tweak	2	keep	0.3796	1.5	2.1	452	128	40	0.486	[tweak] S2/WALL_AVOID: max_steps: 287 -> 310
2026-04-08T21:48:19.676477	7587	e9c8b03f	radical	3	discard	-0.1204	1.3	1.1	452	128	40	0.486	[radical] S3/ENEMY_AVOID: food_shaping: 0.0900 -> 0.1270; enemy_proximity_penalty: 1.1236 -> 0.9613; food_reward: 3.7535 -> 4.7597; enemy_approach_penalty: 0.8866 -> 1.4056; survival: 0.3055 -> 0.1957
2026-04-08T21:48:22.905567	7588	c4366182	radical	2	keep	0.3796	1.5	2.1	452	128	40	0.486	[radical] S2/WALL_AVOID: wall_proximity_penalty: 0.3440 -> 0.2139; starvation_grace_steps: 31 -> 37; death_snake: -14.4269 -> -15.3162; death_wall: -38.9668 -> -52.3701; survival: 0.2631 -> 0.2009
2026-04-08T21:49:26.266326	7590	1e17598f	tweak	5	discard	-0.0135	1.3	1.3	452	128	40	0.486	[tweak] S5/MASTERY_SURVIVAL: mass_loss_penalty: 1.8905 -> 1.8871
2026-04-08T21:49:29.523171	7591	b1b60065	tweak	4	keep	0.1296	1.3	1.5	452	128	40	0.486	[tweak] S4/MASS_MANAGEMENT: length_bonus: 0.0646 -> 0.0562
2026-04-08T21:49:32.765835	7592	1a12a5ad	tweak	4	keep	0.1296	1.3	1.5	452	128	40	0.486	[tweak] S4/MASS_MANAGEMENT: length_bonus: 0.0562 -> 0.0624
2026-04-08T21:49:36.022006	7593	a40f1b0f	tweak	4	keep	0.1296	1.3	1.5	452	128	40	0.486	[tweak] S4/MASS_MANAGEMENT: enemy_approach_penalty: 0.1435 -> 0.1438
2026-04-08T21:49:39.286730	7594	046cd768	radical	4	keep	0.1296	1.3	1.5	452	128	40	0.486	[radical] S4/MASS_MANAGEMENT: survival: 0.0834 -> 0.0948; food_shaping: 0.0570 -> 0.0769; enemy_approach_penalty: 0.1438 -> 0.1094; boost_penalty: 3.3043 -> 1.6503; death_wall: -31.0162 -> -32.7054
2026-04-08T21:49:42.521535	7595	55100a06	explore	2	keep	0.3796	1.5	2.1	452	128	40	0.486	[explore] S2/WALL_AVOID: gamma: 0.8093 -> 0.8000; food_shaping: 0.0947 -> 0.0747; death_wall: -52.3701 -> -47.1936
2026-04-08T21:50:45.861101	7597	39986240	radical	5	discard	-0.0135	1.3	1.3	452	128	40	0.486	[radical] S5/MASTERY_SURVIVAL: survival: 0.0794 -> 0.0720; death_wall: -23.6640 -> -20.5562; mass_loss_penalty: 1.8905 -> 1.0554; starvation_grace_steps: 138 -> 172; contest_food_reward: 0.9186 -> 0.4034
2026-04-08T21:50:49.104332	7598	bc9066cc	radical	4	keep	0.1296	1.3	1.5	452	128	40	0.486	[radical] S4/MASS_MANAGEMENT: length_bonus: 0.0624 -> 0.0650; boost_penalty: 1.6503 -> 1.6403; max_steps: 2526 -> 1929; wall_proximity_penalty: 0.2297 -> 0.0988; death_wall: -32.7054 -> -23.9746
2026-04-08T21:52:53.042484	7601	e861c287	explore	1	keep	0.1265	1.3	1.5	452	128	40	0.486	[explore] S1/FOOD_VECTOR: food_shaping: 0.5860 -> 0.7827; food_reward: 1.0415 -> 1.0000; death_snake: -11.1977 -> -9.9655
2026-04-08T21:53:56.664146	7603	341822bc	radical	1	keep	0.1265	1.3	1.5	452	128	40	0.486	[radical] S1/FOOD_VECTOR: wall_proximity_penalty: 0.0372 -> 0.0475; survival: 0.0626 -> 0.0658; max_steps: 289 -> 307; death_snake: -9.9655 -> -8.2029
2026-04-08T21:53:59.900002	7604	18646706	tweak	2	keep	0.3796	1.5	2.1	452	128	40	0.486	[tweak] S2/WALL_AVOID: survival: 0.2009 -> 0.1711
2026-04-08T21:54:03.125545	7605	86f4af35	explore	4	keep	0.1296	1.3	1.5	452	128	40	0.486	[explore] S4/MASS_MANAGEMENT: boost_penalty: 1.6403 -> 2.1188; starvation_penalty: 0.1094 -> 0.0939; wall_proximity_penalty: 0.0988 -> 0.1051
2026-04-08T21:54:06.365082	7606	dbb3e112	explore	2	keep	0.3796	1.5	2.1	452	128	40	0.486	[explore] S2/WALL_AVOID: max_steps: 310 -> 309; food_shaping: 0.0747 -> 0.0641; food_reward: 2.3662 -> 3.0144
2026-04-08T21:54:09.593898	7607	85fe973a	explore	2	keep	0.3796	1.5	2.1	452	128	40	0.486	[explore] S2/WALL_AVOID: starvation_grace_steps: 37 -> 29; food_reward: 3.0144 -> 2.5592; food_shaping: 0.0641 -> 0.0864
2026-04-08T21:55:13.169281	7609	bb0b6ba7	tweak	2	keep	0.3796	1.5	2.1	452	128	40	0.486	[tweak] S2/WALL_AVOID: wall_proximity_penalty: 0.2139 -> 0.1979
2026-04-08T21:55:16.396050	7610	49d30f9c	explore	1	keep	0.1265	1.3	1.5	452	128	40	0.486	[explore] S1/FOOD_VECTOR: death_wall: -12.9976 -> -13.9482; survival: 0.0658 -> 0.0675; death_snake: -8.2029 -> -10.0913
2026-04-08T21:55:19.374340	7611	531eff2d	tweak	5	discard	-0.0135	1.3	1.3	452	128	40	0.486	[tweak] S5/MASTERY_SURVIVAL: survival_escalation: 0.0019 -> 0.0022
2026-04-08T21:55:22.377697	7612	97b309e8	tweak	5	discard	-0.0135	1.3	1.3	452	128	40	0.486	[tweak] S5/MASTERY_SURVIVAL: death_snake: -31.6877 -> -31.4803
2026-04-08T21:56:25.977224	7614	f550d1d9	tweak	2	keep	0.3796	1.5	2.1	452	128	40	0.486	[tweak] S2/WALL_AVOID: starvation_penalty: 0.0137 -> 0.0167
2026-04-08T21:56:28.962890	7615	1f7f04c4	explore	5	discard	-0.0135	1.3	1.3	452	128	40	0.486	[explore] S5/MASTERY_SURVIVAL: starvation_penalty: 0.0116 -> 0.0078; death_wall: -23.6640 -> -28.6214; mass_loss_penalty: 1.8905 -> 1.8910
2026-04-08T21:56:32.191463	7616	a8c7b6af	explore	1	keep	0.1265	1.3	1.5	452	128	40	0.486	[explore] S1/FOOD_VECTOR: food_shaping: 0.7827 -> 0.8194; max_steps: 307 -> 362; death_snake: -10.0913 -> -10.2346
2026-04-08T21:58:36.114647	7619	075d4c24	tweak	2	keep	0.3796	1.5	2.1	452	128	40	0.486	[tweak] S2/WALL_AVOID: no effective changes
2026-04-08T21:58:39.086382	7620	c4cfb4ea	explore	5	discard	-0.0135	1.3	1.3	452	128	40	0.486	[explore] S5/MASTERY_SURVIVAL: starvation_grace_steps: 138 -> 115; starvation_penalty: 0.0116 -> 0.0117; survival: 0.0794 -> 0.0773
2026-04-08T21:58:42.337065	7621	aafe0fbe	tweak	4	keep	0.1296	1.3	1.5	452	128	40	0.486	[tweak] S4/MASS_MANAGEMENT: boost_penalty: 2.1188 -> 1.9371
2026-04-08T21:58:45.579920	7622	86ad9d9a	radical	4	keep	0.1296	1.3	1.5	452	128	40	0.486	[radical] S4/MASS_MANAGEMENT: enemy_approach_penalty: 0.1094 -> 0.1374; mass_loss_penalty: 1.7528 -> 0.9023; max_steps: 1929 -> 1666; wall_proximity_penalty: 0.1051 -> 0.0612; enemy_proximity_penalty: 1.3429 -> 2.0702
2026-04-08T21:58:48.557656	7623	2b06d259	tweak	3	discard	-0.1204	1.3	1.1	452	128	40	0.486	[tweak] S3/ENEMY_AVOID: boost_penalty: 0.0756 -> 0.0689
2026-04-08T21:58:51.807913	7624	eb468f66	explore	1	keep	0.1265	1.3	1.5	452	128	40	0.486	[explore] S1/FOOD_VECTOR: death_snake: -10.2346 -> -11.0595; gamma: 0.8038 -> 0.8000; food_reward: 1.0000 -> 1.0299
2026-04-08T21:58:55.027092	7625	185740cd	radical	1	keep	0.1265	1.3	1.5	452	128	40	0.486	[radical] S1/FOOD_VECTOR: death_snake: -11.0595 -> -8.8094; death_wall: -13.9482 -> -12.8118; survival: 0.0675 -> 0.0741; max_steps: 362 -> 293
2026-04-08T21:58:58.272488	7626	44eada6e	radical	2	keep	0.3796	1.5	2.1	452	128	40	0.486	[radical] S2/WALL_AVOID: starvation_penalty: 0.0167 -> 0.0152; food_shaping: 0.0864 -> 0.1215; death_snake: -15.3162 -> -18.2508; food_reward: 2.5592 -> 2.3748
2026-04-08T21:59:01.559989	7627	fd53dc4f	tweak	4	keep	0.1296	1.3	1.5	452	128	40	0.486	[tweak] S4/MASS_MANAGEMENT: length_bonus: 0.0650 -> 0.0658
2026-04-08T21:59:04.815769	7628	a84595c7	tweak	2	keep	0.3796	1.5	2.1	452	128	40	0.486	[tweak] S2/WALL_AVOID: survival_escalation: 0.0100 -> 0.0084
2026-04-08T21:59:08.076714	7629	66493e5e	radical	4	keep	0.1296	1.3	1.5	452	128	40	0.486	[radical] S4/MASS_MANAGEMENT: survival_escalation: 0.0055 -> 0.0079; wall_proximity_penalty: 0.0612 -> 0.0841; death_wall: -23.9746 -> -17.6615; mass_loss_penalty: 0.9023 -> 1.4272; starvation_grace_steps: 23 -> 18
2026-04-08T21:59:11.046084	7630	6b5ac19d	explore	3	discard	-0.1204	1.3	1.1	452	128	40	0.486	[explore] S3/ENEMY_AVOID: boost_penalty: 0.0756 -> 0.0532; max_steps: 842 -> 941; starvation_grace_steps: 48 -> 34
2026-04-08T22:00:14.665046	7632	4a9587e5	explore	4	keep	0.1296	1.3	1.5	452	128	40	0.486	[explore] S4/MASS_MANAGEMENT: starvation_grace_steps: 18 -> 17; wall_proximity_penalty: 0.0841 -> 0.0963; death_wall: -17.6615 -> -20.3057
2026-04-08T22:00:17.894184	7633	a4f9821c	explore	2	keep	0.3796	1.5	2.1	452	128	40	0.486	[explore] S2/WALL_AVOID: survival_escalation: 0.0084 -> 0.0069; wall_proximity_penalty: 0.1979 -> 0.1428; food_reward: 2.3748 -> 2.2850
2026-04-08T22:00:20.862106	7634	b28e77bd	radical	5	discard	-0.0135	1.3	1.3	452	128	40	0.486	[radical] S5/MASTERY_SURVIVAL: death_snake: -31.6877 -> -38.7937; kill_opportunity_reward: 10.5263 -> 6.3838; starvation_grace_steps: 138 -> 158; food_shaping: 0.0927 -> 0.0678; enemy_alert_dist: 1329 -> 1071
2026-04-08T22:00:23.815091	7635	0410a019	tweak	5	discard	-0.0135	1.3	1.3	452	128	40	0.486	[tweak] S5/MASTERY_SURVIVAL: survival_escalation: 0.0019 -> 0.0020
2026-04-08T22:00:27.047081	7636	aa2c5733	radical	2	keep	0.3796	1.5	2.1	452	128	40	0.486	[radical] S2/WALL_AVOID: death_snake: -18.2508 -> -20.9803; wall_proximity_penalty: 0.1428 -> 0.1141; starvation_penalty: 0.0152 -> 0.0139; survival_escalation: 0.0069 -> 0.0043; gamma: 0.8000 -> 0.8076
2026-04-08T22:01:30.648348	7638	8b57bde6	tweak	1	keep	0.1265	1.3	1.5	452	128	40	0.486	[tweak] S1/FOOD_VECTOR: wall_proximity_penalty: 0.0475 -> 0.0468
2026-04-08T22:01:33.873864	7639	d88960cc	radical	1	keep	0.1265	1.3	1.5	452	128	40	0.486	[radical] S1/FOOD_VECTOR: survival: 0.0741 -> 0.0642; wall_proximity_penalty: 0.0468 -> 0.0338; gamma: 0.8000 -> 0.8164; food_reward: 1.0299 -> 1.0000; death_snake: -8.8094 -> -11.7300
2026-04-08T22:01:36.804495	7640	06c895a5	explore	3	discard	-0.1204	1.3	1.1	452	128	40	0.486	[explore] S3/ENEMY_AVOID: boost_penalty: 0.0756 -> 0.0628; enemy_approach_penalty: 0.8866 -> 0.5825; max_steps: 842 -> 1009
2026-04-08T22:01:40.028661	7641	198e47ee	radical	4	keep	0.1296	1.3	1.5	452	128	40	0.486	[radical] S4/MASS_MANAGEMENT: death_wall: -20.3057 -> -25.6521; boost_penalty: 1.9371 -> 2.5479; mass_loss_penalty: 1.4272 -> 1.8133; food_reward: 11.4440 -> 15.2007; wall_proximity_penalty: 0.0963 -> 0.1162
2026-04-08T22:01:42.983014	7642	6ee69efa	radical	5	discard	-0.0135	1.3	1.3	452	128	40	0.486	[radical] S5/MASTERY_SURVIVAL: enemy_approach_penalty: 0.1034 -> 0.1448; enemy_zone_control_reward: 0.0659 -> 0.0309; starvation_grace_steps: 138 -> 84; boost_penalty: 6.0475 -> 2.4656; starvation_penalty: 0.0116 -> 0.0065
2026-04-08T22:01:45.922868	7643	cba8968f	radical	3	discard	-0.1204	1.3	1.1	452	128	40	0.486	[radical] S3/ENEMY_AVOID: survival: 0.3055 -> 0.4128; max_steps: 842 -> 904; death_snake: -42.1862 -> -54.2391; gamma: 0.9291 -> 0.9693; food_reward: 3.7535 -> 3.5982
2026-04-08T22:02:49.257418	7645	c52dfd9e	radical	3	discard	-0.1204	1.3	1.1	452	128	40	0.486	[radical] S3/ENEMY_AVOID: max_steps: 842 -> 800; boost_penalty: 0.0756 -> 0.1105; death_wall: -5.2937 -> -5.5686; gamma: 0.9291 -> 0.9314; survival: 0.3055 -> 0.4173
2026-04-08T22:02:52.206712	7646	ffe05a99	tweak	3	discard	-0.1204	1.3	1.1	452	128	40	0.486	[tweak] S3/ENEMY_AVOID: enemy_proximity_penalty: 1.1236 -> 1.1135
2026-04-08T22:02:55.439061	7647	122bda11	explore	1	keep	0.1265	1.3	1.5	452	128	40	0.486	[explore] S1/FOOD_VECTOR: survival: 0.0642 -> 0.0494; food_reward: 1.0000 -> 1.0965; food_shaping: 0.8194 -> 0.9980
2026-04-08T22:02:58.656935	7648	92e7d9a3	tweak	2	keep	0.3796	1.5	2.1	452	128	40	0.486	[tweak] S2/WALL_AVOID: wall_proximity_penalty: 0.1141 -> 0.1122
2026-04-08T22:04:01.966510	7650	4c7d4e25	tweak	3	discard	-0.1204	1.3	1.1	452	128	40	0.486	[tweak] S3/ENEMY_AVOID: food_shaping: 0.0900 -> 0.0873
2026-04-08T22:04:04.953345	7651	fbe49c88	radical	5	discard	-0.0135	1.3	1.3	452	128	40	0.486	[radical] S5/MASTERY_SURVIVAL: starvation_grace_steps: 138 -> 106; length_bonus: 0.0061 -> 0.0064; max_steps: 4035 -> 3677; enemy_alert_dist: 1329 -> 1487; death_snake: -31.6877 -> -27.0336
2026-04-08T22:04:08.181047	7652	264d0c69	explore	4	keep	0.1296	1.3	1.5	452	128	40	0.486	[explore] S4/MASS_MANAGEMENT: survival_escalation: 0.0079 -> 0.0051; starvation_grace_steps: 17 -> 20; death_wall: -25.6521 -> -31.9203
2026-04-08T22:04:11.415988	7653	b6f569a7	explore	4	keep	0.1296	1.3	1.5	452	128	40	0.486	[explore] S4/MASS_MANAGEMENT: survival_escalation: 0.0051 -> 0.0062; max_steps: 1666 -> 1973; death_snake: -47.6986 -> -55.0244
2026-04-08T22:04:14.699686	7654	cbeb158b	radical	4	keep	0.1296	1.3	1.5	452	128	40	0.486	[radical] S4/MASS_MANAGEMENT: starvation_grace_steps: 20 -> 25; mass_loss_penalty: 1.8133 -> 2.3386; death_wall: -31.9203 -> -27.0393; length_bonus: 0.0658 -> 0.1143; death_snake: -55.0244 -> -61.1492
2026-04-08T22:04:17.943561	7655	fded6be3	radical	2	keep	0.3796	1.5	2.1	452	128	40	0.486	[radical] S2/WALL_AVOID: survival: 0.1711 -> 0.1608; starvation_penalty: 0.0139 -> 0.0138; death_snake: -20.9803 -> -22.7355; starvation_grace_steps: 29 -> 33; max_steps: 309 -> 224
2026-04-08T22:04:20.929594	7656	54cbf058	radical	5	discard	-0.0135	1.3	1.3	452	128	40	0.486	[radical] S5/MASTERY_SURVIVAL: enemy_approach_penalty: 0.1034 -> 0.1464; enemy_proximity_penalty: 1.7712 -> 1.6518; death_snake: -31.6877 -> -29.5854; max_steps: 4035 -> 3560; wall_proximity_penalty: 0.3813 -> 0.4226
2026-04-08T22:05:24.545788	7658	6ba73d8e	tweak	1	keep	0.1265	1.3	1.5	452	128	40	0.486	[tweak] S1/FOOD_VECTOR: death_snake: -11.7300 -> -11.0936
2026-04-08T22:05:27.790825	7659	d872a671	explore	2	keep	0.3796	1.5	2.1	452	128	40	0.486	[explore] S2/WALL_AVOID: death_snake: -22.7355 -> -27.8959; max_steps: 224 -> 207; death_wall: -47.1936 -> -55.7949
2026-04-08T22:05:31.031048	7660	062f81bd	explore	4	keep	0.1296	1.3	1.5	452	128	40	0.486	[explore] S4/MASS_MANAGEMENT: max_steps: 1973 -> 1913; enemy_proximity_penalty: 2.0702 -> 2.1512; enemy_approach_penalty: 0.1374 -> 0.1255
2026-04-08T22:05:34.272459	7661	e60263e6	explore	4	keep	0.1296	1.3	1.5	452	128	40	0.486	[explore] S4/MASS_MANAGEMENT: death_wall: -27.0393 -> -25.5811; enemy_alert_dist: 3225 -> 3523; food_reward: 15.2007 -> 14.2290
2026-04-08T22:05:37.532800	7662	b14bab11	radical	1	keep	0.1265	1.3	1.5	452	128	40	0.486	[radical] S1/FOOD_VECTOR: death_snake: -11.0936 -> -8.9258; food_shaping: 0.9980 -> 0.5848; wall_proximity_penalty: 0.0338 -> 0.0412; max_steps: 293 -> 232; gamma: 0.8164 -> 0.8000
2026-04-08T22:05:40.781723	7663	cd237541	radical	4	keep	0.1296	1.3	1.5	452	128	40	0.486	[radical] S4/MASS_MANAGEMENT: wall_proximity_penalty: 0.1162 -> 0.1208; gamma: 0.9203 -> 0.9070; starvation_penalty: 0.0939 -> 0.1528; enemy_alert_dist: 3523 -> 2854; food_reward: 14.2290 -> 14.5907
2026-04-08T22:05:44.018522	7664	b9cd4015	explore	4	keep	0.1296	1.3	1.5	452	128	40	0.486	[explore] S4/MASS_MANAGEMENT: food_shaping: 0.0769 -> 0.0839; gamma: 0.9070 -> 0.9185; starvation_penalty: 0.1528 -> 0.2183
2026-04-08T22:05:47.266522	7665	213ac301	tweak	2	keep	0.3796	1.5	2.1	452	128	40	0.486	[tweak] S2/WALL_AVOID: gamma: 0.8076 -> 0.8001
2026-04-08T22:05:50.240543	7666	1f0f107d	explore	5	discard	-0.0135	1.3	1.3	452	128	40	0.486	[explore] S5/MASTERY_SURVIVAL: mass_loss_penalty: 1.8905 -> 1.6699; wall_proximity_penalty: 0.3813 -> 0.2992; enemy_alert_dist: 1329 -> 1104
2026-04-08T22:05:53.214725	7667	fb1ae7ef	explore	3	discard	-0.1204	1.3	1.1	452	128	40	0.486	[explore] S3/ENEMY_AVOID: survival: 0.3055 -> 0.3852; starvation_grace_steps: 48 -> 43; enemy_approach_penalty: 0.8866 -> 1.0658
2026-04-08T22:05:56.454371	7668	96dadf2f	radical	1	keep	0.1265	1.3	1.5	452	128	40	0.486	[radical] S1/FOOD_VECTOR: survival: 0.0494 -> 0.0330; food_reward: 1.0965 -> 1.0000; max_steps: 232 -> 233; death_snake: -8.9258 -> -7.7093; gamma: 0.8000 -> 0.8169
2026-04-08T22:05:59.691958	7669	1f993007	tweak	1	keep	0.1265	1.3	1.5	452	128	40	0.486	[tweak] S1/FOOD_VECTOR: gamma: 0.8169 -> 0.8275
2026-04-08T22:07:03.268551	7671	39813392	tweak	2	keep	0.3796	1.5	2.1	452	128	40	0.486	[tweak] S2/WALL_AVOID: starvation_grace_steps: 33 -> 37
2026-04-08T22:09:07.225238	7674	9cbb40ad	tweak	4	keep	0.1296	1.3	1.5	452	128	40	0.486	[tweak] S4/MASS_MANAGEMENT: starvation_grace_steps: 25 -> 24
2026-04-08T22:09:10.462538	7675	f3880cd4	radical	4	keep	0.1296	1.3	1.5	452	128	40	0.486	[radical] S4/MASS_MANAGEMENT: boost_penalty: 2.5479 -> 1.9174; enemy_alert_dist: 2854 -> 3248; gamma: 0.9185 -> 0.9117; enemy_approach_penalty: 0.1255 -> 0.1904; mass_loss_penalty: 2.3386 -> 2.2794
2026-04-08T22:09:13.731554	7676	c7020788	tweak	2	keep	0.3796	1.5	2.1	452	128	40	0.486	[tweak] S2/WALL_AVOID: starvation_penalty: 0.0138 -> 0.0120
2026-04-08T22:09:16.963210	7677	853fce9d	tweak	4	keep	0.1296	1.3	1.5	452	128	40	0.486	[tweak] S4/MASS_MANAGEMENT: enemy_approach_penalty: 0.1904 -> 0.1768
2026-04-08T22:09:20.200943	7678	39b4fb77	tweak	4	keep	0.1296	1.3	1.5	452	128	40	0.486	[tweak] S4/MASS_MANAGEMENT: boost_penalty: 1.9174 -> 1.8838
2026-04-08T22:09:23.435369	7679	8a9b6468	explore	1	keep	0.1265	1.3	1.5	452	128	40	0.486	[explore] S1/FOOD_VECTOR: max_steps: 233 -> 195; survival: 0.0330 -> 0.0406; wall_proximity_penalty: 0.0412 -> 0.0376
2026-04-08T22:09:26.424021	7680	b3dc6ec9	tweak	5	discard	-0.0135	1.3	1.3	452	128	40	0.486	[tweak] S5/MASTERY_SURVIVAL: survival: 0.0794 -> 0.0862
2026-04-08T22:10:29.746473	7682	42b59c6d	radical	5	discard	-0.0135	1.3	1.3	452	128	40	0.486	[radical] S5/MASTERY_SURVIVAL: mass_loss_penalty: 1.8905 -> 2.0368; food_shaping: 0.0927 -> 0.0987; wall_proximity_penalty: 0.3813 -> 0.1764; enemy_alert_dist: 1329 -> 1565; survival_escalation: 0.0019 -> 0.0023
2026-04-08T22:10:33.040098	7683	56042935	radical	4	keep	0.1296	1.3	1.5	452	128	40	0.486	[radical] S4/MASS_MANAGEMENT: starvation_grace_steps: 24 -> 21; food_reward: 14.5907 -> 8.9610; enemy_proximity_penalty: 2.1512 -> 1.4466; starvation_penalty: 0.2183 -> 0.1194; survival: 0.0948 -> 0.0973
2026-04-08T22:10:36.309672	7684	97791e5f	tweak	4	keep	0.1296	1.3	1.5	452	128	40	0.486	[tweak] S4/MASS_MANAGEMENT: boost_penalty: 1.8838 -> 1.8277
2026-04-08T22:10:39.600821	7685	67f15631	tweak	4	keep	0.1296	1.3	1.5	452	128	40	0.486	[tweak] S4/MASS_MANAGEMENT: wall_proximity_penalty: 0.1208 -> 0.1333
2026-04-08T22:11:42.952338	7687	b70e2571	radical	5	discard	-0.0135	1.3	1.3	452	128	40	0.486	[radical] S5/MASTERY_SURVIVAL: starvation_grace_steps: 138 -> 108; enemy_zone_control_reward: 0.0659 -> 0.0538; food_reward: 3.8784 -> 4.2473; enemy_proximity_penalty: 1.7712 -> 1.6002; starvation_penalty: 0.0116 -> 0.0068
2026-04-08T22:12:46.609185	7689	f537ce4e	tweak	2	keep	0.3796	1.5	2.1	452	128	40	0.486	[tweak] S2/WALL_AVOID: death_wall: -55.7949 -> -58.4520
2026-04-08T22:12:49.875323	7690	83453409	tweak	2	keep	0.3796	1.5	2.1	452	128	40	0.486	[tweak] S2/WALL_AVOID: starvation_grace_steps: 37 -> 39
2026-04-08T22:12:53.160368	7691	fb883c23	explore	2	keep	0.3796	1.5	2.1	452	128	40	0.486	[explore] S2/WALL_AVOID: food_reward: 2.2850 -> 2.4265; death_snake: -27.8959 -> -31.9857; food_shaping: 0.1215 -> 0.0912
2026-04-08T22:13:56.814303	7693	3db94603	explore	2	keep	0.3796	1.5	2.1	452	128	40	0.486	[explore] S2/WALL_AVOID: survival_escalation: 0.0043 -> 0.0043; survival: 0.1608 -> 0.1344; death_snake: -31.9857 -> -35.6858
2026-04-08T22:15:00.145752	7695	1fe3ad1d	tweak	3	discard	-0.1204	1.3	1.1	452	128	40	0.486	[tweak] S3/ENEMY_AVOID: survival: 0.3055 -> 0.3431
2026-04-08T22:15:03.423907	7696	175f55a5	tweak	4	keep	0.1296	1.3	1.5	452	128	40	0.486	[tweak] S4/MASS_MANAGEMENT: length_bonus: 0.1143 -> 0.0877
2026-04-08T22:15:06.678761	7697	1fbf58f9	explore	2	keep	0.3796	1.5	2.1	452	128	40	0.486	[explore] S2/WALL_AVOID: wall_proximity_penalty: 0.1122 -> 0.1337; max_steps: 207 -> 233; survival: 0.1344 -> 0.0942
2026-04-08T22:15:09.675900	7698	7c0f7b36	radical	3	discard	-0.1204	1.3	1.1	452	128	40	0.486	[radical] S3/ENEMY_AVOID: food_shaping: 0.0900 -> 0.1070; boost_penalty: 0.0756 -> 0.0595; gamma: 0.9291 -> 0.9542; starvation_penalty: 0.0014 -> 0.0021; enemy_approach_penalty: 0.8866 -> 0.4931
2026-04-08T22:15:12.670588	7699	3e69ca67	explore	5	discard	-0.0135	1.3	1.3	452	128	40	0.486	[explore] S5/MASTERY_SURVIVAL: starvation_penalty: 0.0116 -> 0.0066; enemy_approach_penalty: 0.1034 -> 0.0912; gamma: 0.9950 -> 0.9680
2026-04-08T22:16:16.318500	7701	827c8d10	explore	2	keep	0.3796	1.5	2.1	452	128	40	0.486	[explore] S2/WALL_AVOID: starvation_grace_steps: 39 -> 42; max_steps: 233 -> 222; death_snake: -35.6858 -> -35.8913
2026-04-08T22:17:19.922594	7703	29b3a1bb	explore	1	keep	0.1265	1.3	1.5	452	128	40	0.486	[explore] S1/FOOD_VECTOR: wall_proximity_penalty: 0.0376 -> 0.0412; food_shaping: 0.5848 -> 0.6854; death_wall: -12.8118 -> -14.2021
2026-04-08T22:17:23.209200	7704	68adf153	explore	1	keep	0.1265	1.3	1.5	452	128	40	0.486	[explore] S1/FOOD_VECTOR: survival: 0.0406 -> 0.0476; death_wall: -14.2021 -> -13.1712; death_snake: -7.7093 -> -6.7151
2026-04-08T22:17:26.205550	7705	deb6deaf	explore	3	discard	-0.1204	1.3	1.1	452	128	40	0.486	[explore] S3/ENEMY_AVOID: max_steps: 842 -> 841; enemy_alert_dist: 2395 -> 1810; starvation_penalty: 0.0014 -> 0.0014
2026-04-08T22:18:29.849645	7707	a16eeb26	tweak	1	keep	0.1265	1.3	1.5	452	128	40	0.486	[tweak] S1/FOOD_VECTOR: food_reward: 1.0000 -> 1.0171
2026-04-08T22:19:33.163009	7709	2ee989db	radical	3	discard	-0.1204	1.3	1.1	452	128	40	0.486	[radical] S3/ENEMY_AVOID: enemy_alert_dist: 2395 -> 2981; food_reward: 3.7535 -> 3.2526; starvation_grace_steps: 48 -> 49; starvation_penalty: 0.0014 -> 0.0006; enemy_approach_penalty: 0.8866 -> 0.6002
2026-04-08T22:19:36.165600	7710	96bcb0a8	radical	5	discard	-0.0135	1.3	1.3	452	128	40	0.486	[radical] S5/MASTERY_SURVIVAL: mass_loss_penalty: 1.8905 -> 2.9253; enemy_alert_dist: 1329 -> 1521; death_snake: -31.6877 -> -42.2366; contest_food_reward: 0.9186 -> 1.5135; starvation_penalty: 0.0116 -> 0.0098
2026-04-08T22:19:39.402533	7711	5a10fdd8	explore	1	keep	0.1265	1.3	1.5	452	128	40	0.486	[explore] S1/FOOD_VECTOR: death_wall: -13.1712 -> -12.7113; wall_proximity_penalty: 0.0412 -> 0.0356; max_steps: 195 -> 159
2026-04-08T22:19:42.661393	7712	ddaf32de	explore	1	keep	0.1265	1.3	1.5	452	128	40	0.486	[explore] S1/FOOD_VECTOR: death_snake: -6.7151 -> -6.9899; death_wall: -12.7113 -> -10.9490; food_shaping: 0.6854 -> 0.4322
2026-04-08T22:19:45.909467	7713	3491aff7	radical	1	keep	0.1265	1.3	1.5	452	128	40	0.486	[radical] S1/FOOD_VECTOR: death_snake: -6.9899 -> -8.1156; gamma: 0.8275 -> 0.8196; wall_proximity_penalty: 0.0356 -> 0.0482; food_reward: 1.0171 -> 1.2555; food_shaping: 0.4322 -> 0.3475
2026-04-08T22:19:49.178515	7714	96f32458	radical	4	keep	0.1296	1.3	1.5	452	128	40	0.486	[radical] S4/MASS_MANAGEMENT: survival_escalation: 0.0062 -> 0.0100; enemy_approach_penalty: 0.1768 -> 0.1062; food_reward: 8.9610 -> 12.5917; length_bonus: 0.0877 -> 0.0445; wall_proximity_penalty: 0.1333 -> 0.1039
2026-04-08T22:19:52.161954	7715	76fd1fa2	explore	3	discard	-0.1204	1.3	1.1	452	128	40	0.486	[explore] S3/ENEMY_AVOID: enemy_alert_dist: 2395 -> 2262; death_snake: -42.1862 -> -43.9071; food_shaping: 0.0900 -> 0.0851
2026-04-08T22:19:55.125447	7716	a6b0bce7	explore	3	discard	-0.1204	1.3	1.1	452	128	40	0.486	[explore] S3/ENEMY_AVOID: food_reward: 3.7535 -> 4.7764; max_steps: 842 -> 963; gamma: 0.9291 -> 0.9475
2026-04-08T22:19:58.134716	7717	bbd4c51c	explore	5	discard	-0.0135	1.3	1.3	452	128	40	0.486	[explore] S5/MASTERY_SURVIVAL: food_shaping: 0.0927 -> 0.0704; starvation_grace_steps: 138 -> 106; food_reward: 3.8784 -> 3.7136
2026-04-08T22:20:01.400086	7718	21703782	tweak	1	keep	0.1265	1.3	1.5	452	128	40	0.486	[tweak] S1/FOOD_VECTOR: death_snake: -8.1156 -> -7.4978
2026-04-08T22:20:04.657852	7719	616f1d1c	explore	2	keep	0.3796	1.5	2.1	452	128	40	0.486	[explore] S2/WALL_AVOID: survival_escalation: 0.0043 -> 0.0036; death_wall: -58.4520 -> -57.3744; death_snake: -35.8913 -> -31.5702
2026-04-08T22:20:07.658358	7720	43bb122c	radical	5	discard	-0.0135	1.3	1.3	452	128	40	0.486	[radical] S5/MASTERY_SURVIVAL: death_wall: -23.6640 -> -15.6626; length_bonus: 0.0061 -> 0.0016; enemy_proximity_penalty: 1.7712 -> 1.0768; survival_escalation: 0.0019 -> 0.0018; survival: 0.0794 -> 0.0940
2026-04-08T22:20:10.647878	7721	539020c7	tweak	5	discard	-0.0135	1.3	1.3	452	128	40	0.486	[tweak] S5/MASTERY_SURVIVAL: food_reward: 3.8784 -> 3.8858
2026-04-08T22:20:13.921821	7722	02bd0673	explore	1	keep	0.1265	1.3	1.5	452	128	40	0.486	[explore] S1/FOOD_VECTOR: gamma: 0.8196 -> 0.8192; food_reward: 1.2555 -> 1.1544; survival: 0.0476 -> 0.0390
2026-04-08T22:21:17.286404	7724	d776211b	explore	5	discard	-0.0135	1.3	1.3	452	128	40	0.486	[explore] S5/MASTERY_SURVIVAL: survival_escalation: 0.0019 -> 0.0015; enemy_zone_control_reward: 0.0659 -> 0.0436; starvation_penalty: 0.0116 -> 0.0139
2026-04-08T22:21:20.582851	7725	f4be1f66	explore	1	keep	0.1265	1.3	1.5	452	128	40	0.486	[explore] S1/FOOD_VECTOR: max_steps: 159 -> 131; death_snake: -7.4978 -> -7.4029; wall_proximity_penalty: 0.0482 -> 0.0476
2026-04-08T22:21:23.857242	7726	ded7bef2	radical	4	keep	0.1296	1.3	1.5	452	128	40	0.486	[radical] S4/MASS_MANAGEMENT: food_reward: 12.5917 -> 10.7097; food_shaping: 0.0839 -> 0.1072; starvation_penalty: 0.1194 -> 0.1205; max_steps: 1913 -> 1468; boost_penalty: 1.8277 -> 1.6505
2026-04-08T22:22:27.512381	7728	d86b721b	tweak	4	keep	0.1296	1.3	1.5	452	128	40	0.486	[tweak] S4/MASS_MANAGEMENT: enemy_proximity_penalty: 1.4466 -> 1.2593
2026-04-08T22:22:30.505615	7729	94d3a44a	explore	3	discard	-0.1204	1.3	1.1	452	128	40	0.486	[explore] S3/ENEMY_AVOID: survival: 0.3055 -> 0.3892; food_reward: 3.7535 -> 4.1616; enemy_alert_dist: 2395 -> 2865
2026-04-08T22:22:33.451447	7730	db7def9f	explore	3	discard	-0.1204	1.3	1.1	452	128	40	0.486	[explore] S3/ENEMY_AVOID: starvation_penalty: 0.0014 -> 0.0021; max_steps: 842 -> 678; gamma: 0.9291 -> 0.9413
2026-04-08T22:23:36.815401	7732	d2f236a3	tweak	3	discard	-0.1204	1.3	1.1	452	128	40	0.486	[tweak] S3/ENEMY_AVOID: boost_penalty: 0.0756 -> 0.0823
2026-04-08T22:23:40.082047	7733	29d2cf4e	tweak	2	keep	0.3796	1.5	2.1	452	128	40	0.486	[tweak] S2/WALL_AVOID: survival_escalation: 0.0036 -> 0.0027
2026-04-08T22:24:43.431880	7735	0cde3760	radical	5	discard	-0.0135	1.3	1.3	452	128	40	0.486	[radical] S5/MASTERY_SURVIVAL: death_wall: -23.6640 -> -17.3872; starvation_penalty: 0.0116 -> 0.0056; contest_food_reward: 0.9186 -> 0.7243; max_steps: 4035 -> 3591; length_bonus: 0.0061 -> 0.0038
2026-04-08T22:24:46.698761	7736	9468e399	tweak	4	keep	0.1296	1.3	1.5	452	128	40	0.486	[tweak] S4/MASS_MANAGEMENT: death_wall: -25.5811 -> -23.9129
2026-04-08T22:24:49.956266	7737	c0a47ead	explore	4	keep	0.1296	1.3	1.5	452	128	40	0.486	[explore] S4/MASS_MANAGEMENT: max_steps: 1468 -> 1705; starvation_penalty: 0.1205 -> 0.1267; wall_proximity_penalty: 0.1039 -> 0.0786
2026-04-08T22:25:53.602954	7739	2b3ba24e	tweak	4	keep	0.1296	1.3	1.5	452	128	40	0.486	[tweak] S4/MASS_MANAGEMENT: gamma: 0.9117 -> 0.9219
2026-04-08T22:25:56.888808	7740	c52e9009	explore	1	keep	0.1265	1.3	1.5	452	128	40	0.486	[explore] S1/FOOD_VECTOR: death_snake: -7.4029 -> -7.7982; death_wall: -10.9490 -> -9.1631; max_steps: 131 -> 115
2026-04-08T22:26:00.167988	7741	1e203fdd	explore	1	keep	0.1265	1.3	1.5	452	128	40	0.486	[explore] S1/FOOD_VECTOR: gamma: 0.8192 -> 0.8039; death_wall: -9.1631 -> -10.8748; survival: 0.0390 -> 0.0322
2026-04-08T22:26:03.174734	7742	5298f564	tweak	5	discard	-0.0135	1.3	1.3	452	128	40	0.486	[tweak] S5/MASTERY_SURVIVAL: boost_penalty: 6.0475 -> 6.2787
2026-04-08T22:26:06.170888	7743	6c07c0b1	radical	3	discard	-0.1204	1.3	1.1	452	128	40	0.486	[radical] S3/ENEMY_AVOID: death_snake: -42.1862 -> -56.6436; death_wall: -5.2937 -> -5.0000; gamma: 0.9291 -> 0.9030; survival: 0.3055 -> 0.2820; food_shaping: 0.0900 -> 0.0825
2026-04-08T22:26:09.156431	7744	445efdfe	explore	3	discard	-0.1204	1.3	1.1	452	128	40	0.486	[explore] S3/ENEMY_AVOID: starvation_penalty: 0.0014 -> 0.0016; enemy_proximity_penalty: 1.1236 -> 0.7045; death_snake: -42.1862 -> -47.9897
2026-04-08T22:26:12.446920	7745	e29d4fdb	tweak	2	keep	0.3796	1.5	2.1	452	128	40	0.486	[tweak] S2/WALL_AVOID: gamma: 0.8001 -> 0.8002
2026-04-08T22:26:15.455716	7746	f4dc447b	explore	3	discard	-0.1204	1.3	1.1	452	128	40	0.486	[explore] S3/ENEMY_AVOID: max_steps: 842 -> 905; boost_penalty: 0.0756 -> 0.0758; starvation_penalty: 0.0014 -> 0.0010
2026-04-08T22:27:19.168750	7748	60089414	radical	1	keep	0.1265	1.3	1.5	452	128	40	0.486	[radical] S1/FOOD_VECTOR: survival: 0.0322 -> 0.0227; max_steps: 115 -> 103; death_snake: -7.7982 -> -8.8325; gamma: 0.8039 -> 0.8020; food_reward: 1.1544 -> 1.2823
2026-04-08T22:27:22.529554	7749	ef24216a	explore	4	keep	0.1296	1.3	1.5	452	128	40	0.486	[explore] S4/MASS_MANAGEMENT: enemy_alert_dist: 3248 -> 3322; death_wall: -23.9129 -> -23.9103
2026-04-08T22:27:25.844915	7750	ae76d743	radical	1	keep	0.1265	1.3	1.5	452	128	40	0.486	[radical] S1/FOOD_VECTOR: survival: 0.0227 -> 0.0152; death_snake: -8.8325 -> -7.1849; wall_proximity_penalty: 0.0476 -> 0.0370; max_steps: 103 -> 125; gamma: 0.8020 -> 0.8204
2026-04-08T22:27:28.809049	7751	eedb851e	explore	3	discard	-0.1204	1.3	1.1	452	128	40	0.486	[explore] S3/ENEMY_AVOID: food_reward: 3.7535 -> 4.7438; food_shaping: 0.0900 -> 0.0628; survival: 0.3055 -> 0.3458
2026-04-08T22:27:32.064694	7752	302078bc	radical	4	keep	0.1296	1.3	1.5	452	128	40	0.486	[radical] S4/MASS_MANAGEMENT: starvation_grace_steps: 21 -> 17; food_shaping: 0.1072 -> 0.0944; survival: 0.0973 -> 0.1106; length_bonus: 0.0445 -> 0.0269; starvation_penalty: 0.1267 -> 0.0506
2026-04-08T22:27:35.311115	7753	b589f4b0	radical	2	keep	0.3796	1.5	2.1	452	128	40	0.486	[radical] S2/WALL_AVOID: max_steps: 222 -> 275; food_reward: 2.4265 -> 1.5148; survival: 0.0942 -> 0.1069; death_wall: -57.3744 -> -78.3970; death_snake: -31.5702 -> -31.8879
2026-04-08T22:27:38.567279	7754	ea6e6f90	radical	1	keep	0.1265	1.3	1.5	452	128	40	0.486	[radical] S1/FOOD_VECTOR: gamma: 0.8204 -> 0.8529; death_snake: -7.1849 -> -6.7975; food_shaping: 0.3475 -> 0.4945; max_steps: 125 -> 100; food_reward: 1.2823 -> 1.0000
2026-04-08T22:27:41.814853	7755	07b8a38c	explore	4	keep	0.1296	1.3	1.5	452	128	40	0.486	[explore] S4/MASS_MANAGEMENT: length_bonus: 0.0269 -> 0.0222; enemy_approach_penalty: 0.1062 -> 0.0644; enemy_proximity_penalty: 1.2593 -> 1.1823
2026-04-08T22:27:44.826822	7756	539ac53d	radical	5	discard	-0.0135	1.3	1.3	452	128	40	0.486	[radical] S5/MASTERY_SURVIVAL: enemy_zone_control_reward: 0.0659 -> 0.0183; mass_loss_penalty: 1.8905 -> 2.3073; food_shaping: 0.0927 -> 0.0584; death_snake: -31.6877 -> -37.8338; max_steps: 4035 -> 4948
2026-04-08T22:28:48.476766	7758	25f315e7	explore	1	keep	0.1265	1.3	1.5	452	128	40	0.486	[explore] S1/FOOD_VECTOR: death_snake: -6.7975 -> -6.8224; food_shaping: 0.4945 -> 0.6574
2026-04-08T22:28:51.725932	7759	d4cec6a9	tweak	2	keep	0.3796	1.5	2.1	452	128	40	0.486	[tweak] S2/WALL_AVOID: food_reward: 1.5148 -> 1.2935
2026-04-08T22:28:54.982680	7760	d1ebe7b2	explore	4	keep	0.1296	1.3	1.5	452	128	40	0.486	[explore] S4/MASS_MANAGEMENT: death_wall: -23.9103 -> -29.1410; food_shaping: 0.0944 -> 0.0821; enemy_alert_dist: 3322 -> 3913
2026-04-08T22:28:57.967963	7761	68ee2c8c	tweak	5	discard	-0.0135	1.3	1.3	452	128	40	0.486	[tweak] S5/MASTERY_SURVIVAL: enemy_proximity_penalty: 1.7712 -> 2.0321
2026-04-08T22:29:00.974221	7762	4f2d71b2	radical	3	discard	-0.1204	1.3	1.1	452	128	40	0.486	[radical] S3/ENEMY_AVOID: max_steps: 842 -> 825; death_snake: -42.1862 -> -32.4473; enemy_alert_dist: 2395 -> 2782; death_wall: -5.2937 -> -6.4894; boost_penalty: 0.0756 -> 0.0566
2026-04-08T22:29:04.209228	7763	f3323afe	radical	2	keep	0.3796	1.5	2.1	452	128	40	0.486	[radical] S2/WALL_AVOID: death_wall: -78.3970 -> -53.3141; max_steps: 275 -> 313; food_shaping: 0.0912 -> 0.0788; starvation_grace_steps: 42 -> 26; death_snake: -31.8879 -> -34.1269
2026-04-08T22:29:07.457079	7764	ffc9fad3	explore	4	keep	0.1296	1.3	1.5	452	128	40	0.486	[explore] S4/MASS_MANAGEMENT: wall_proximity_penalty: 0.0786 -> 0.0818; enemy_proximity_penalty: 1.1823 -> 1.5215; length_bonus: 0.0222 -> 0.0331
2026-04-08T22:29:10.451042	7765	d6b35904	tweak	5	discard	-0.0135	1.3	1.3	452	128	40	0.486	[tweak] S5/MASTERY_SURVIVAL: kill_opportunity_reward: 10.5263 -> 9.0037
2026-04-08T22:29:13.718043	7766	6d7bff4c	radical	1	keep	0.1265	1.3	1.5	452	128	40	0.486	[radical] S1/FOOD_VECTOR: survival: 0.0152 -> 0.0124; gamma: 0.8529 -> 0.8644; max_steps: 100 -> 110; wall_proximity_penalty: 0.0370 -> 0.0497; death_wall: -10.8748 -> -8.0647
2026-04-08T22:29:16.950527	7767	cf9ece98	tweak	2	keep	0.3796	1.5	2.1	452	128	40	0.486	[tweak] S2/WALL_AVOID: gamma: 0.8002 -> 0.8000
2026-04-08T22:29:20.219306	7768	3c9cf33e	tweak	1	keep	0.1265	1.3	1.5	452	128	40	0.486	[tweak] S1/FOOD_VECTOR: survival: 0.0124 -> 0.0120
2026-04-08T22:30:23.508792	7770	46450af9	radical	3	discard	-0.1204	1.3	1.1	452	128	40	0.486	[radical] S3/ENEMY_AVOID: death_wall: -5.2937 -> -5.0000; enemy_proximity_penalty: 1.1236 -> 0.7271; death_snake: -42.1862 -> -26.8353; enemy_approach_penalty: 0.8866 -> 1.3623; survival: 0.3055 -> 0.1999
2026-04-08T22:30:26.770838	7771	f44353e2	radical	4	keep	0.1296	1.3	1.5	452	128	40	0.486	[radical] S4/MASS_MANAGEMENT: max_steps: 1705 -> 1874; death_snake: -61.1492 -> -77.0299; enemy_approach_penalty: 0.0644 -> 0.0810; starvation_penalty: 0.0506 -> 0.0519
2026-04-08T22:30:30.028313	7772	d62d61d0	tweak	1	keep	0.1265	1.3	1.5	452	128	40	0.486	[tweak] S1/FOOD_VECTOR: no effective changes
2026-04-08T22:30:33.033787	7773	12239f0c	radical	5	discard	-0.0135	1.3	1.3	452	128	40	0.486	[radical] S5/MASTERY_SURVIVAL: enemy_alert_dist: 1329 -> 1153; boost_penalty: 6.0475 -> 4.8743; survival: 0.0794 -> 0.1017; mass_loss_penalty: 1.8905 -> 1.3440; starvation_grace_steps: 138 -> 108
2026-04-08T22:31:36.406948	7775	d92c81df	tweak	3	discard	-0.1204	1.3	1.1	452	128	40	0.486	[tweak] S3/ENEMY_AVOID: starvation_grace_steps: 48 -> 53
2026-04-08T22:31:39.802617	7776	77831246	tweak	4	keep	0.1296	1.3	1.5	452	128	40	0.486	[tweak] S4/MASS_MANAGEMENT: survival: 0.1106 -> 0.1160
2026-04-08T22:31:43.198187	7777	53fe6d75	tweak	2	keep	0.3796	1.5	2.1	452	128	40	0.486	[tweak] S2/WALL_AVOID: survival_escalation: 0.0027 -> 0.0028
2026-04-08T22:31:46.330318	7778	888bb78a	radical	5	discard	-0.0135	1.3	1.3	452	128	40	0.486	[radical] S5/MASTERY_SURVIVAL: starvation_grace_steps: 138 -> 80; food_reward: 3.8784 -> 4.0162; survival: 0.0794 -> 0.0981; boost_penalty: 6.0475 -> 3.8696; mass_loss_penalty: 1.8905 -> 2.7971
2026-04-08T22:31:49.689862	7779	8fac626d	tweak	2	keep	0.3796	1.5	2.1	452	128	40	0.486	[tweak] S2/WALL_AVOID: no effective changes
2026-04-08T22:31:52.789635	7780	80276e2a	radical	5	discard	-0.0135	1.3	1.3	452	128	40	0.486	[radical] S5/MASTERY_SURVIVAL: gamma: 0.9950 -> 0.9911; mass_loss_penalty: 1.8905 -> 2.3491; starvation_grace_steps: 138 -> 142; food_reward: 3.8784 -> 4.9986; kill_opportunity_reward: 10.5263 -> 6.5199
2026-04-08T22:31:55.930645	7781	5b2d5b89	tweak	5	discard	-0.0135	1.3	1.3	452	128	40	0.486	[tweak] S5/MASTERY_SURVIVAL: enemy_zone_control_reward: 0.0659 -> 0.0561
2026-04-08T22:31:59.346877	7782	0ae305f3	radical	4	keep	0.1296	1.3	1.5	452	128	40	0.486	[radical] S4/MASS_MANAGEMENT: death_wall: -29.1410 -> -33.8237; mass_loss_penalty: 2.2794 -> 3.5650; wall_proximity_penalty: 0.0818 -> 0.0611; enemy_approach_penalty: 0.0810 -> 0.0653
2026-04-08T22:32:02.416134	7783	283a12d6	tweak	3	discard	-0.1204	1.3	1.1	452	128	40	0.486	[tweak] S3/ENEMY_AVOID: max_steps: 842 -> 878
2026-04-08T22:33:06.214657	7785	7ce880a5	explore	2	keep	0.3796	1.5	2.1	452	128	40	0.486	[explore] S2/WALL_AVOID: max_steps: 313 -> 304; food_reward: 1.2935 -> 1.0000; starvation_penalty: 0.0120 -> 0.0116
2026-04-08T22:33:09.253648	7786	7c7add93	radical	3	discard	-0.1204	1.3	1.1	452	128	40	0.486	[radical] S3/ENEMY_AVOID: enemy_proximity_penalty: 1.1236 -> 1.3797; starvation_grace_steps: 48 -> 40; survival: 0.3055 -> 0.2665; death_wall: -5.2937 -> -5.0000; boost_penalty: 0.0756 -> 0.0502
2026-04-08T22:35:13.268289	7789	5afc8e1f	explore	1	keep	0.1265	1.3	1.5	452	128	40	0.486	[explore] S1/FOOD_VECTOR: death_snake: -6.8224 -> -6.6801; wall_proximity_penalty: 0.0497 -> 0.0301; survival: 0.0120 -> 0.0091
2026-04-08T22:35:16.542969	7790	e62d74d9	explore	2	keep	0.3796	1.5	2.1	452	128	40	0.486	[explore] S2/WALL_AVOID: wall_proximity_penalty: 0.1337 -> 0.1023; survival: 0.1069 -> 0.1359
2026-04-08T22:35:19.835772	7791	96a6d24b	radical	1	keep	0.1265	1.3	1.5	452	128	40	0.486	[radical] S1/FOOD_VECTOR: gamma: 0.8644 -> 0.8535; survival: 0.0091 -> 0.0113; food_reward: 1.0000 -> 1.0201; death_wall: -8.0647 -> -7.3655; wall_proximity_penalty: 0.0301 -> 0.0222
2026-04-08T22:35:23.092374	7792	6726a39a	explore	1	keep	0.1265	1.3	1.5	452	128	40	0.486	[explore] S1/FOOD_VECTOR: death_snake: -6.6801 -> -5.8271; food_reward: 1.0201 -> 1.0000; survival: 0.0113 -> 0.0110
2026-04-08T22:35:26.370814	7793	4de713f2	explore	1	keep	0.1265	1.3	1.5	452	128	40	0.486	[explore] S1/FOOD_VECTOR: food_shaping: 0.6574 -> 0.5595; death_snake: -5.8271 -> -5.0000; death_wall: -7.3655 -> -8.7795
2026-04-08T22:36:29.746289	7795	b0bcd9f6	explore	5	discard	-0.0135	1.3	1.3	452	128	40	0.486	[explore] S5/MASTERY_SURVIVAL: enemy_zone_control_reward: 0.0659 -> 0.0586; food_shaping: 0.0927 -> 0.0946; kill_opportunity_reward: 10.5263 -> 10.9287
2026-04-08T22:36:32.713078	7796	7dc7a21f	explore	5	discard	-0.0135	1.3	1.3	452	128	40	0.486	[explore] S5/MASTERY_SURVIVAL: enemy_proximity_penalty: 1.7712 -> 1.1477; gamma: 0.9950 -> 0.9857; food_reward: 3.8784 -> 3.4612
2026-04-08T22:36:35.720102	7797	a76d84a3	radical	3	discard	-0.1204	1.3	1.1	452	128	40	0.486	[radical] S3/ENEMY_AVOID: boost_penalty: 0.0756 -> 0.0995; starvation_grace_steps: 48 -> 37; enemy_approach_penalty: 0.8866 -> 1.2095; enemy_alert_dist: 2395 -> 2122; death_snake: -42.1862 -> -31.4384
2026-04-08T22:37:39.065613	7799	2a52396b	radical	5	discard	-0.0135	1.3	1.3	452	128	40	0.486	[radical] S5/MASTERY_SURVIVAL: starvation_grace_steps: 138 -> 169; enemy_approach_penalty: 0.1034 -> 0.1465; length_bonus: 0.0061 -> 0.0058; wall_proximity_penalty: 0.3813 -> 0.4202; contest_food_reward: 0.9186 -> 0.6229
2026-04-08T22:37:42.054212	7800	37b14ff2	explore	3	discard	-0.1204	1.3	1.1	452	128	40	0.486	[explore] S3/ENEMY_AVOID: survival: 0.3055 -> 0.3356; death_snake: -42.1862 -> -33.0089; starvation_penalty: 0.0014 -> 0.0013
2026-04-08T22:37:45.303738	7801	d921f3ce	tweak	2	keep	0.3796	1.5	2.1	452	128	40	0.486	[tweak] S2/WALL_AVOID: death_wall: -53.3141 -> -48.3832
2026-04-08T22:37:48.572677	7802	b73f4ba4	explore	1	keep	0.1265	1.3	1.5	452	128	40	0.486	[explore] S1/FOOD_VECTOR: max_steps: 110 -> 100; food_shaping: 0.5595 -> 0.7091; death_wall: -8.7795 -> -7.0750
2026-04-08T22:37:51.846271	7803	4b0750e5	radical	4	keep	0.1296	1.3	1.5	452	128	40	0.486	[radical] S4/MASS_MANAGEMENT: mass_loss_penalty: 3.5650 -> 4.2988; survival: 0.1160 -> 0.0937; enemy_proximity_penalty: 1.5215 -> 1.0495; enemy_alert_dist: 3913 -> 4000; death_wall: -33.8237 -> -38.2167
2026-04-08T22:37:54.838116	7804	03c9677d	radical	5	discard	-0.0135	1.3	1.3	452	128	40	0.486	[radical] S5/MASTERY_SURVIVAL: survival_escalation: 0.0019 -> 0.0029; food_reward: 3.8784 -> 2.2270; kill_opportunity_reward: 10.5263 -> 15.7028; max_steps: 4035 -> 5003
2026-04-08T22:37:57.840689	7805	f574c52d	explore	5	discard	-0.0135	1.3	1.3	452	128	40	0.486	[explore] S5/MASTERY_SURVIVAL: food_shaping: 0.0927 -> 0.1040; death_snake: -31.6877 -> -34.6221; contest_food_reward: 0.9186 -> 0.9140
2026-04-08T22:38:01.086136	7806	96e71f05	explore	4	keep	0.1296	1.3	1.5	452	128	40	0.486	[explore] S4/MASS_MANAGEMENT: death_wall: -38.2167 -> -39.8171; enemy_proximity_penalty: 1.0495 -> 0.9152
2026-04-08T22:38:04.071111	7807	7709273f	tweak	5	discard	-0.0135	1.3	1.3	452	128	40	0.486	[tweak] S5/MASTERY_SURVIVAL: starvation_penalty: 0.0116 -> 0.0135
2026-04-08T22:38:07.336027	7808	4dafb510	tweak	1	keep	0.1265	1.3	1.5	452	128	40	0.486	[tweak] S1/FOOD_VECTOR: max_steps: 100 -> 103
2026-04-08T22:40:11.344557	7811	d5167d6c	tweak	2	keep	0.3796	1.5	2.1	452	128	40	0.486	[tweak] S2/WALL_AVOID: food_shaping: 0.0788 -> 0.0655
2026-04-08T22:41:14.947637	7813	dc57b3a8	tweak	4	keep	0.1296	1.3	1.5	452	128	40	0.486	[tweak] S4/MASS_MANAGEMENT: survival: 0.0937 -> 0.0810
2026-04-08T22:41:17.918001	7814	0beb48f7	explore	5	discard	-0.0135	1.3	1.3	452	128	40	0.486	[explore] S5/MASTERY_SURVIVAL: survival: 0.0794 -> 0.0938; starvation_penalty: 0.0116 -> 0.0097; survival_escalation: 0.0019 -> 0.0029
2026-04-08T22:41:21.182248	7815	8c0d6385	explore	4	keep	0.1296	1.3	1.5	452	128	40	0.486	[explore] S4/MASS_MANAGEMENT: max_steps: 1874 -> 1733; gamma: 0.9219 -> 0.9278; starvation_penalty: 0.0519 -> 0.0352
2026-04-08T22:41:24.455549	7816	795567ea	explore	4	keep	0.1296	1.3	1.5	452	128	40	0.486	[explore] S4/MASS_MANAGEMENT: boost_penalty: 1.6505 -> 1.0554
2026-04-08T22:42:28.110881	7818	5811791b	explore	2	keep	0.3796	1.5	2.1	452	128	40	0.486	[explore] S2/WALL_AVOID: starvation_grace_steps: 26 -> 28; survival_escalation: 0.0028 -> 0.0036; food_shaping: 0.0655 -> 0.0469
2026-04-08T22:42:31.103235	7819	3bbced71	radical	3	discard	-0.1204	1.3	1.1	452	128	40	0.486	[radical] S3/ENEMY_AVOID: max_steps: 842 -> 618; death_snake: -42.1862 -> -45.8165; food_shaping: 0.0900 -> 0.0601; starvation_penalty: 0.0014 -> 0.0016; death_wall: -5.2937 -> -5.2118
2026-04-08T22:42:34.351454	7820	9ca4c00d	explore	1	keep	0.1265	1.3	1.5	452	128	40	0.486	[explore] S1/FOOD_VECTOR: survival: 0.0110 -> 0.0135; death_wall: -7.0750 -> -8.7656; max_steps: 103 -> 100
2026-04-08T22:43:38.010549	7822	faf7fd34	radical	1	keep	0.1265	1.3	1.5	452	128	40	0.486	[radical] S1/FOOD_VECTOR: gamma: 0.8535 -> 0.8565; death_snake: -5 -> -6.824251675937412; max_steps: 100 -> 105; death_wall: -8.7656 -> -9.5153; survival: 0.0135 -> 0.0189
2026-04-08T22:43:41.277729	7823	d4cbb65c	explore	2	keep	0.3796	1.5	2.1	452	128	40	0.486	[explore] S2/WALL_AVOID: survival: 0.1359 -> 0.1273; survival_escalation: 0.0036 -> 0.0023
2026-04-08T22:43:44.272822	7824	bb1f385b	explore	3	discard	-0.1204	1.3	1.1	452	128	40	0.486	[explore] S3/ENEMY_AVOID: survival: 0.3055 -> 0.2253; food_shaping: 0.0900 -> 0.0948; enemy_alert_dist: 2395 -> 2747
2026-04-08T22:43:47.258974	7825	f3800cd4	radical	5	discard	-0.0135	1.3	1.3	452	128	40	0.486	[radical] S5/MASTERY_SURVIVAL: enemy_approach_penalty: 0.1034 -> 0.0667; enemy_alert_dist: 1329 -> 1816; mass_loss_penalty: 1.8905 -> 0.7594; wall_proximity_penalty: 0.3813 -> 0.3618; death_wall: -23.6640 -> -16.3729
2026-04-08T22:43:50.262395	7826	550d7540	tweak	5	discard	-0.0135	1.3	1.3	452	128	40	0.486	[tweak] S5/MASTERY_SURVIVAL: mass_loss_penalty: 1.8905 -> 2.2466
2026-04-08T22:43:53.539207	7827	71ec4db3	explore	2	keep	0.3796	1.5	2.1	452	128	40	0.486	[explore] S2/WALL_AVOID: survival_escalation: 0.0023 -> 0.0030; starvation_penalty: 0.0116 -> 0.0127; food_shaping: 0.0469 -> 0.0603
2026-04-08T22:43:56.817450	7828	bdeca8ca	explore	1	keep	0.1265	1.3	1.5	452	128	40	0.486	[explore] S1/FOOD_VECTOR: wall_proximity_penalty: 0.0222 -> 0.0294; gamma: 0.8565 -> 0.8421; death_snake: -6.8243 -> -5.5922
2026-04-08T22:44:00.075953	7829	08bf1292	explore	4	keep	0.1296	1.3	1.5	452	128	40	0.486	[explore] S4/MASS_MANAGEMENT: starvation_grace_steps: 17 -> 19; starvation_penalty: 0.0352 -> 0.0448; death_snake: -77.0299 -> -82.3561
2026-04-08T22:44:03.345868	7830	86870ed9	explore	1	keep	0.1265	1.3	1.5	452	128	40	0.486	[explore] S1/FOOD_VECTOR: gamma: 0.8421 -> 0.8421; max_steps: 105 -> 100
2026-04-08T22:44:06.590693	7831	f3f3dfea	radical	1	keep	0.1265	1.3	1.5	452	128	40	0.486	[radical] S1/FOOD_VECTOR: death_wall: -9.5153 -> -9.7310; food_reward: 1.0000 -> 1.0684; food_shaping: 0.7091 -> 0.6982; survival: 0.0189 -> 0.0265; wall_proximity_penalty: 0.0294 -> 0.0349
2026-04-08T22:44:09.872553	7832	d69fe39f	tweak	1	keep	0.1265	1.3	1.5	452	128	40	0.486	[tweak] S1/FOOD_VECTOR: food_shaping: 0.6982 -> 0.6511
2026-04-08T22:44:13.146586	7833	68f744a3	explore	4	keep	0.1296	1.3	1.5	452	128	40	0.486	[explore] S4/MASS_MANAGEMENT: death_wall: -39.8171 -> -46.2194; enemy_approach_penalty: 0.0653 -> 0.0751; death_snake: -82.3561 -> -86.7717
2026-04-08T22:44:16.441707	7834	3957a936	radical	1	keep	0.1265	1.3	1.5	452	128	40	0.486	[radical] S1/FOOD_VECTOR: food_reward: 1.0684 -> 1.1361; gamma: 0.8421 -> 0.8479; food_shaping: 0.6511 -> 0.2844; wall_proximity_penalty: 0.0349 -> 0.0248
2026-04-08T22:44:19.720727	7835	4e73eca0	explore	4	keep	0.1296	1.3	1.5	452	128	40	0.486	[explore] S4/MASS_MANAGEMENT: enemy_approach_penalty: 0.0751 -> 0.1047; enemy_alert_dist: 4000 -> 3833; survival: 0.0810 -> 0.0876
2026-04-08T22:44:22.993871	7836	f210130f	tweak	4	keep	0.1296	1.3	1.5	452	128	40	0.486	[tweak] S4/MASS_MANAGEMENT: death_wall: -46.2194 -> -47.0343
2026-04-08T22:44:25.982870	7837	adbe26de	tweak	5	discard	-0.0135	1.3	1.3	452	128	40	0.486	[tweak] S5/MASTERY_SURVIVAL: food_reward: 3.8784 -> 4.1252
2026-04-08T22:44:28.992334	7838	6a981c9b	radical	5	discard	-0.0135	1.3	1.3	452	128	40	0.486	[radical] S5/MASTERY_SURVIVAL: enemy_zone_control_reward: 0.0659 -> 0.0961; kill_opportunity_reward: 10.5263 -> 14.0571; boost_penalty: 6.0475 -> 7.5553; survival: 0.0794 -> 0.0951; max_steps: 4035 -> 4084
2026-04-08T22:44:32.258387	7839	93c595d0	explore	2	keep	0.3796	1.5	2.1	452	128	40	0.486	[explore] S2/WALL_AVOID: food_shaping: 0.0603 -> 0.0833; max_steps: 304 -> 245; starvation_penalty: 0.0127 -> 0.0189
2026-04-08T22:44:35.256621	7840	0514897d	explore	5	discard	-0.0135	1.3	1.3	452	128	40	0.486	[explore] S5/MASTERY_SURVIVAL: enemy_alert_dist: 1329 -> 1448; starvation_penalty: 0.0116 -> 0.0066; mass_loss_penalty: 1.8905 -> 1.4852
2026-04-08T22:44:38.525863	7841	2038973c	explore	2	keep	0.3796	1.5	2.1	452	128	40	0.486	[explore] S2/WALL_AVOID: starvation_penalty: 0.0189 -> 0.0212; survival_escalation: 0.0030 -> 0.0033; food_shaping: 0.0833 -> 0.0877
2026-04-08T22:44:41.523214	7842	e88cc3af	explore	3	discard	-0.1204	1.3	1.1	452	128	40	0.486	[explore] S3/ENEMY_AVOID: food_reward: 3.7535 -> 2.9634; survival: 0.3055 -> 0.3044; enemy_alert_dist: 2395 -> 2724
2026-04-08T22:44:44.803276	7843	af8843fa	tweak	4	keep	0.1296	1.3	1.5	452	128	40	0.486	[tweak] S4/MASS_MANAGEMENT: food_shaping: 0.0821 -> 0.0882
2026-04-08T22:44:48.068239	7844	1919e7a8	explore	4	keep	0.1296	1.3	1.5	452	128	40	0.486	[explore] S4/MASS_MANAGEMENT: survival_escalation: 0.0100 -> 0.0093; wall_proximity_penalty: 0.0611 -> 0.0649; enemy_approach_penalty: 0.1047 -> 0.1016
2026-04-08T22:44:51.070993	7845	26b11191	explore	5	discard	-0.0135	1.3	1.3	452	128	40	0.486	[explore] S5/MASTERY_SURVIVAL: survival: 0.0794 -> 0.0883; food_shaping: 0.0927 -> 0.0601; boost_penalty: 6.0475 -> 7.1714
2026-04-08T22:44:54.051306	7846	0febdb2a	explore	3	discard	-0.1204	1.3	1.1	452	128	40	0.486	[explore] S3/ENEMY_AVOID: food_reward: 3.7535 -> 3.3012; starvation_penalty: 0.0014 -> 0.0019; enemy_approach_penalty: 0.8866 -> 1.1001
2026-04-08T22:44:57.030308	7847	475e7acb	radical	3	discard	-0.1204	1.3	1.1	452	128	40	0.486	[radical] S3/ENEMY_AVOID: max_steps: 842 -> 1032; food_shaping: 0.0900 -> 0.0491; death_wall: -5.2937 -> -5.0000; starvation_penalty: 0.0014 -> 0.0014; enemy_proximity_penalty: 1.1236 -> 0.5196
2026-04-08T22:45:00.274490	7848	5164f96b	tweak	1	keep	0.1265	1.3	1.5	452	128	40	0.486	[tweak] S1/FOOD_VECTOR: food_shaping: 0.2844 -> 0.2749
2026-04-08T22:45:03.265324	7849	76bfdcef	radical	5	discard	-0.0135	1.3	1.3	452	128	40	0.486	[radical] S5/MASTERY_SURVIVAL: mass_loss_penalty: 1.8905 -> 2.6054; wall_proximity_penalty: 0.3813 -> 0.6059; contest_food_reward: 0.9186 -> 1.1401; starvation_penalty: 0.0116 -> 0.0186; length_bonus: 0.0061 -> 0.0051
2026-04-08T22:45:06.555955	7850	4464db18	explore	4	keep	0.1296	1.3	1.5	452	128	40	0.486	[explore] S4/MASS_MANAGEMENT: mass_loss_penalty: 4.2988 -> 3.1800; starvation_penalty: 0.0448 -> 0.0457; enemy_approach_penalty: 0.1016 -> 0.0827
2026-04-08T22:45:09.833761	7851	569f4846	radical	4	keep	0.1296	1.3	1.5	452	128	40	0.486	[radical] S4/MASS_MANAGEMENT: gamma: 0.9278 -> 0.9180; mass_loss_penalty: 3.1800 -> 1.9494; max_steps: 1733 -> 1801; enemy_approach_penalty: 0.0827 -> 0.0722; death_wall: -47.0343 -> -57.0950
2026-04-08T22:46:13.470862	7853	0af1a703	tweak	1	keep	0.1265	1.3	1.5	452	128	40	0.486	[tweak] S1/FOOD_VECTOR: max_steps: 100 -> 108
2026-04-08T22:46:16.727223	7854	b9818d31	explore	1	keep	0.1265	1.3	1.5	452	128	40	0.486	[explore] S1/FOOD_VECTOR: wall_proximity_penalty: 0.0248 -> 0.0188; food_shaping: 0.2749 -> 0.2221; gamma: 0.8479 -> 0.8313
2026-04-08T22:46:19.969782	7855	f8c0981e	radical	2	keep	0.3796	1.5	2.1	452	128	40	0.486	[radical] S2/WALL_AVOID: survival: 0.1273 -> 0.0843; max_steps: 245 -> 271; starvation_grace_steps: 28 -> 32; gamma: 0.8000 -> 0.8353
2026-04-08T22:46:23.236753	7856	31878181	radical	4	keep	0.1296	1.3	1.5	452	128	40	0.486	[radical] S4/MASS_MANAGEMENT: food_shaping: 0.0882 -> 0.0972; wall_proximity_penalty: 0.0649 -> 0.0685; enemy_alert_dist: 3833 -> 4000; starvation_grace_steps: 19 -> 17; gamma: 0.9180 -> 0.9289
2026-04-08T22:46:26.233594	7857	f1bd30fb	tweak	5	discard	-0.0135	1.3	1.3	452	128	40	0.486	[tweak] S5/MASTERY_SURVIVAL: food_shaping: 0.0927 -> 0.0860
2026-04-08T22:46:29.238921	7858	824af029	radical	5	discard	-0.0135	1.3	1.3	452	128	40	0.486	[radical] S5/MASTERY_SURVIVAL: mass_loss_penalty: 1.8905 -> 2.2936; starvation_penalty: 0.0116 -> 0.0129; enemy_approach_penalty: 0.1034 -> 0.1251; kill_opportunity_reward: 10.5263 -> 14.2414; survival_escalation: 0.0019 -> 0.0008
2026-04-08T22:46:32.478397	7859	e8699848	radical	1	keep	0.1265	1.3	1.5	452	128	40	0.486	[radical] S1/FOOD_VECTOR: wall_proximity_penalty: 0.0188 -> 0.0289; food_shaping: 0.2221 -> 0.1649; death_snake: -5.5922 -> -6.1488; food_reward: 1.1361 -> 1.4095; death_wall: -9.7310 -> -8.9874
2026-04-08T22:46:35.445976	7860	c1977850	explore	3	discard	-0.1204	1.3	1.1	452	128	40	0.486	[explore] S3/ENEMY_AVOID: starvation_penalty: 0.0014 -> 0.0019; survival: 0.3055 -> 0.2218; starvation_grace_steps: 48 -> 42
2026-04-08T22:46:38.444216	7861	2b4569b4	tweak	5	discard	-0.0135	1.3	1.3	452	128	40	0.486	[tweak] S5/MASTERY_SURVIVAL: survival: 0.0794 -> 0.0900
2026-04-08T22:46:41.687993	7862	8d35417c	radical	4	keep	0.1296	1.3	1.5	452	128	40	0.486	[radical] S4/MASS_MANAGEMENT: survival: 0.0876 -> 0.0597; food_shaping: 0.0972 -> 0.1074; food_reward: 10.7097 -> 6.8658; death_snake: -86.7717 -> -100.0000; max_steps: 1801 -> 2142
2026-04-08T22:46:44.934390	7863	ffe98f66	explore	4	keep	0.1296	1.3	1.5	452	128	40	0.486	[explore] S4/MASS_MANAGEMENT: survival_escalation: 0.0093 -> 0.0100; max_steps: 2142 -> 2108; gamma: 0.9289 -> 0.9124
2026-04-08T22:46:47.927053	7864	67d2b5a2	explore	5	discard	-0.0135	1.3	1.3	452	128	40	0.486	[explore] S5/MASTERY_SURVIVAL: length_bonus: 0.0061 -> 0.0067; survival: 0.0794 -> 0.0814; max_steps: 4035 -> 3416
2026-04-08T22:46:50.907832	7865	36cd68c4	radical	5	discard	-0.0135	1.3	1.3	452	128	40	0.486	[radical] S5/MASTERY_SURVIVAL: starvation_penalty: 0.0116 -> 0.0123; wall_proximity_penalty: 0.3813 -> 0.2374; contest_food_reward: 0.9186 -> 0.6591; length_bonus: 0.0061 -> 0.0050; survival_escalation: 0.0019 -> 0.0029
2026-04-08T22:48:54.638403	7868	18c85c9d	radical	5	discard	-0.0135	1.3	1.3	452	128	40	0.486	[radical] S5/MASTERY_SURVIVAL: death_wall: -23.6640 -> -27.9582; max_steps: 4035 -> 2916; starvation_penalty: 0.0116 -> 0.0145; food_reward: 3.8784 -> 3.0173; contest_food_reward: 0.9186 -> 0.9196
2026-04-08T22:48:57.904425	7869	8f2c199c	explore	2	keep	0.3796	1.5	2.1	452	128	40	0.486	[explore] S2/WALL_AVOID: food_reward: 1.0000 -> 1.0047; starvation_grace_steps: 32 -> 39; death_snake: -34.1269 -> -31.5798
2026-04-08T22:49:01.177721	7870	5b28ee23	explore	4	keep	0.1296	1.3	1.5	452	128	40	0.486	[explore] S4/MASS_MANAGEMENT: enemy_proximity_penalty: 0.9152 -> 0.9093; survival: 0.0597 -> 0.0595
2026-04-08T22:49:04.130916	7871	34dfa8a3	tweak	3	discard	-0.1204	1.3	1.1	452	128	40	0.486	[tweak] S3/ENEMY_AVOID: enemy_alert_dist: 2395 -> 2517
2026-04-08T22:49:07.149238	7872	e9f277c2	radical	3	discard	-0.1204	1.3	1.1	452	128	40	0.486	[radical] S3/ENEMY_AVOID: death_snake: -42.1862 -> -52.8720; enemy_proximity_penalty: 1.1236 -> 1.6119; enemy_approach_penalty: 0.8866 -> 1.0467; boost_penalty: 0.0756 -> 0.0632; starvation_penalty: 0.0014 -> 0.0020
2026-04-08T22:50:10.506684	7874	4544ccef	radical	3	discard	-0.1204	1.3	1.1	452	128	40	0.486	[radical] S3/ENEMY_AVOID: food_reward: 3.7535 -> 5.4127; gamma: 0.9291 -> 0.9211; max_steps: 842 -> 624; starvation_grace_steps: 48 -> 29; enemy_approach_penalty: 0.8866 -> 0.5849
2026-04-08T22:50:13.502201	7875	42828f10	radical	3	discard	-0.1204	1.3	1.1	452	128	40	0.486	[radical] S3/ENEMY_AVOID: enemy_proximity_penalty: 1.1236 -> 0.8229; enemy_approach_penalty: 0.8866 -> 0.6930; food_shaping: 0.0900 -> 0.0978; enemy_alert_dist: 2395 -> 1548; starvation_grace_steps: 48 -> 51
2026-04-08T22:50:16.760638	7876	f2dd62c5	tweak	2	keep	0.3796	1.5	2.1	452	128	40	0.486	[tweak] S2/WALL_AVOID: gamma: 0.8353 -> 0.8239
2026-04-08T22:50:20.031686	7877	24bb9c6f	radical	4	keep	0.1296	1.3	1.5	452	128	40	0.486	[radical] S4/MASS_MANAGEMENT: food_shaping: 0.1074 -> 0.0832; starvation_grace_steps: 17 -> 9; survival: 0.0595 -> 0.0737; boost_penalty: 1.0554 -> 0.8294
2026-04-08T22:50:23.301034	7878	e7621a2e	explore	2	keep	0.3796	1.5	2.1	452	128	40	0.486	[explore] S2/WALL_AVOID: gamma: 0.8239 -> 0.8368; max_steps: 271 -> 223; death_wall: -48.3832 -> -55.1832
2026-04-08T22:50:26.551380	7879	976b994b	radical	4	keep	0.1296	1.3	1.5	452	128	40	0.486	[radical] S4/MASS_MANAGEMENT: length_bonus: 0.0331 -> 0.0417; gamma: 0.9124 -> 0.9473; mass_loss_penalty: 1.9494 -> 1.7215
2026-04-08T22:51:30.173939	7881	e17a9f72	explore	2	keep	0.3796	1.5	2.1	452	128	40	0.486	[explore] S2/WALL_AVOID: starvation_penalty: 0.0212 -> 0.0280; gamma: 0.8368 -> 0.8461; survival: 0.0843 -> 0.0615
2026-04-08T22:51:33.461350	7882	8da9552c	explore	1	keep	0.1265	1.3	1.5	452	128	40	0.486	[explore] S1/FOOD_VECTOR: survival: 0.0265 -> 0.0272; food_shaping: 0.1649 -> 0.1625; death_snake: -6.1488 -> -5.6456
2026-04-08T22:51:36.727916	7883	6e10e426	explore	1	keep	0.1265	1.3	1.5	452	128	40	0.486	[explore] S1/FOOD_VECTOR: gamma: 0.8313 -> 0.8094; max_steps: 108 -> 106; survival: 0.0272 -> 0.0193
2026-04-08T22:51:39.724366	7884	928c42a3	explore	3	discard	-0.1204	1.3	1.1	452	128	40	0.486	[explore] S3/ENEMY_AVOID: death_snake: -42.1862 -> -43.4683; enemy_proximity_penalty: 1.1236 -> 0.8450; boost_penalty: 0.0756 -> 0.0551
2026-04-08T22:51:43.004733	7885	df2e90ca	radical	4	keep	0.1296	1.3	1.5	452	128	40	0.486	[radical] S4/MASS_MANAGEMENT: starvation_grace_steps: 9 -> 7; enemy_approach_penalty: 0.0722 -> 0.0383; food_reward: 6.8658 -> 6.0267; length_bonus: 0.0417 -> 0.0181; death_wall: -57.0950 -> -48.2804
2026-04-08T22:51:46.286698	7886	6910e4a3	radical	4	keep	0.1296	1.3	1.5	452	128	40	0.486	[radical] S4/MASS_MANAGEMENT: enemy_proximity_penalty: 0.9093 -> 0.8083; death_wall: -48.2804 -> -34.3592; enemy_alert_dist: 4000 -> 3891; mass_loss_penalty: 1.7215 -> 2.1450; wall_proximity_penalty: 0.0685 -> 0.0909
2026-04-08T22:52:49.663717	7888	ae02a802	tweak	5	discard	-0.0135	1.3	1.3	452	128	40	0.486	[tweak] S5/MASTERY_SURVIVAL: enemy_proximity_penalty: 1.7712 -> 1.4789
2026-04-08T22:52:52.930002	7889	b6d29650	tweak	2	keep	0.3796	1.5	2.1	452	128	40	0.486	[tweak] S2/WALL_AVOID: food_reward: 1.0047 -> 1.0136
2026-04-08T22:52:56.218268	7890	f134bfb7	radical	4	keep	0.1296	1.3	1.5	452	128	40	0.486	[radical] S4/MASS_MANAGEMENT: enemy_proximity_penalty: 0.8083 -> 0.8211; wall_proximity_penalty: 0.0909 -> 0.1182; food_shaping: 0.0832 -> 0.0651; death_wall: -34.3592 -> -36.5276; starvation_penalty: 0.0457 -> 0.0374
2026-04-08T22:52:59.203628	7891	ff650a3a	explore	3	discard	-0.1204	1.3	1.1	452	128	40	0.486	[explore] S3/ENEMY_AVOID: survival: 0.3055 -> 0.3225; enemy_alert_dist: 2395 -> 2664; enemy_approach_penalty: 0.8866 -> 1.1019
2026-04-08T22:53:02.464047	7892	beafbae0	explore	2	keep	0.3796	1.5	2.1	452	128	40	0.486	[explore] S2/WALL_AVOID: max_steps: 223 -> 186; starvation_grace_steps: 39 -> 40; death_wall: -55.1832 -> -45.8951
2026-04-08T22:53:05.457036	7893	db904240	tweak	5	discard	-0.0135	1.3	1.3	452	128	40	0.486	[tweak] S5/MASTERY_SURVIVAL: death_wall: -23.6640 -> -23.0565
2026-04-08T22:53:08.464685	7894	499005e6	tweak	5	discard	-0.0135	1.3	1.3	452	128	40	0.486	[tweak] S5/MASTERY_SURVIVAL: starvation_penalty: 0.0116 -> 0.0126
2026-04-08T22:53:11.735221	7895	81cf81bc	explore	1	keep	0.1265	1.3	1.5	452	128	40	0.486	[explore] S1/FOOD_VECTOR: gamma: 0.8094 -> 0.8026; survival: 0.0193 -> 0.0245; death_snake: -5.6456 -> -5.3758
2026-04-08T22:54:15.091614	7897	767ceb5c	tweak	5	discard	-0.0135	1.3	1.3	452	128	40	0.486	[tweak] S5/MASTERY_SURVIVAL: starvation_penalty: 0.0116 -> 0.0128
2026-04-08T22:54:18.375490	7898	5b43de9c	radical	1	keep	0.1265	1.3	1.5	452	128	40	0.486	[radical] S1/FOOD_VECTOR: food_shaping: 0.1625 -> 0.1175; survival: 0.0245 -> 0.0293; wall_proximity_penalty: 0.0289 -> 0.0259; death_wall: -8.9874 -> -11.7718; death_snake: -5.3758 -> -7.0413
2026-04-08T22:54:21.378803	7899	d31d80f0	radical	5	discard	-0.0135	1.3	1.3	452	128	40	0.486	[radical] S5/MASTERY_SURVIVAL: death_wall: -23.6640 -> -22.4548; survival: 0.0794 -> 0.1069; enemy_alert_dist: 1329 -> 1164; mass_loss_penalty: 1.8905 -> 2.3642; length_bonus: 0.0061 -> 0.0106
2026-04-08T22:54:24.379158	7900	44f50f1d	tweak	5	discard	-0.0135	1.3	1.3	452	128	40	0.486	[tweak] S5/MASTERY_SURVIVAL: gamma: 0.9950 -> 0.9853
2026-04-08T22:54:27.362435	7901	61ede9ad	radical	5	discard	-0.0135	1.3	1.3	452	128	40	0.486	[radical] S5/MASTERY_SURVIVAL: food_shaping: 0.0927 -> 0.0558; max_steps: 4035 -> 3735; death_wall: -23.6640 -> -18.7994; starvation_grace_steps: 138 -> 150; boost_penalty: 6.0475 -> 2.8385
2026-04-08T22:54:30.626430	7902	9858e01f	explore	1	keep	0.1265	1.3	1.5	452	128	40	0.486	[explore] S1/FOOD_VECTOR: gamma: 0.8026 -> 0.8000; food_shaping: 0.1175 -> 0.1213; survival: 0.0293 -> 0.0233
2026-04-08T22:54:33.903191	7903	95f00a65	explore	4	keep	0.1296	1.3	1.5	452	128	40	0.486	[explore] S4/MASS_MANAGEMENT: starvation_grace_steps: 7 -> 9; gamma: 0.9473 -> 0.9555; enemy_alert_dist: 3891 -> 3521
2026-04-08T22:54:36.908328	7904	144b0e7a	explore	5	discard	-0.0135	1.3	1.3	452	128	40	0.486	[explore] S5/MASTERY_SURVIVAL: contest_food_reward: 0.9186 -> 0.5082; survival: 0.0794 -> 0.0781
2026-04-08T22:54:40.148848	7905	fad0f294	explore	1	keep	0.1265	1.3	1.5	452	128	40	0.486	[explore] S1/FOOD_VECTOR: wall_proximity_penalty: 0.0259 -> 0.0219; survival: 0.0233 -> 0.0272; max_steps: 106 -> 122
2026-04-08T22:54:43.377142	7906	4542d396	tweak	2	keep	0.3796	1.5	2.1	452	128	40	0.486	[tweak] S2/WALL_AVOID: starvation_penalty: 0.0280 -> 0.0212
2026-04-08T22:54:46.375285	7907	86a3b39d	tweak	3	discard	-0.1204	1.3	1.1	452	128	40	0.486	[tweak] S3/ENEMY_AVOID: starvation_penalty: 0.0014 -> 0.0012
2026-04-08T22:55:49.737539	7909	8c071c99	radical	5	discard	-0.0135	1.3	1.3	452	128	40	0.486	[radical] S5/MASTERY_SURVIVAL: death_wall: -23.6640 -> -24.1502; contest_food_reward: 0.9186 -> 0.3060; length_bonus: 0.0061 -> 0.0025; survival_escalation: 0.0019 -> 0.0020
2026-04-08T22:55:52.686474	7910	82a32854	tweak	3	discard	-0.1204	1.3	1.1	452	128	40	0.486	[tweak] S3/ENEMY_AVOID: food_shaping: 0.0900 -> 0.0791
2026-04-08T22:55:55.643843	7911	014632ae	tweak	3	discard	-0.1204	1.3	1.1	452	128	40	0.486	[tweak] S3/ENEMY_AVOID: survival: 0.3055 -> 0.3459
2026-04-08T22:55:58.603311	7912	5b239a05	radical	5	discard	-0.0135	1.3	1.3	452	128	40	0.486	[radical] S5/MASTERY_SURVIVAL: death_snake: -31.6877 -> -41.7025; starvation_penalty: 0.0116 -> 0.0057; enemy_alert_dist: 1329 -> 1637; contest_food_reward: 0.9186 -> 1.5540; mass_loss_penalty: 1.8905 -> 1.7672
2026-04-08T22:56:01.571467	7913	811e1ccc	tweak	3	discard	-0.1204	1.3	1.1	452	128	40	0.486	[tweak] S3/ENEMY_AVOID: enemy_alert_dist: 2395 -> 2643
2026-04-08T22:57:04.890938	7915	a6091ece	tweak	3	discard	-0.1204	1.3	1.1	452	128	40	0.486	[tweak] S3/ENEMY_AVOID: max_steps: 842 -> 879
2026-04-08T22:57:07.873761	7916	f75ff226	radical	3	discard	-0.1204	1.3	1.1	452	128	40	0.486	[radical] S3/ENEMY_AVOID: death_snake: -42.1862 -> -43.8080; starvation_penalty: 0.0014 -> 0.0023; enemy_proximity_penalty: 1.1236 -> 0.7759; food_shaping: 0.0900 -> 0.1083; starvation_grace_steps: 48 -> 46
2026-04-08T22:57:10.831987	7917	0755e56f	explore	3	discard	-0.1204	1.3	1.1	452	128	40	0.486	[explore] S3/ENEMY_AVOID: survival: 0.3055 -> 0.3393; enemy_proximity_penalty: 1.1236 -> 0.7152; starvation_grace_steps: 48 -> 38
2026-04-08T22:57:14.078926	7918	0c868b64	radical	1	keep	0.1265	1.3	1.5	452	128	40	0.486	[radical] S1/FOOD_VECTOR: food_reward: 1.4095 -> 1.9750; gamma: 0.8000 -> 0.8001; survival: 0.0272 -> 0.0169; death_snake: -7.0413 -> -7.6130; death_wall: -11.7718 -> -14.3927
2026-04-08T22:57:17.332139	7919	5f5f05e7	tweak	1	keep	0.1265	1.3	1.5	452	128	40	0.486	[tweak] S1/FOOD_VECTOR: death_snake: -7.6130 -> -7.7292
2026-04-08T22:57:20.314882	7920	aa5ababd	radical	5	discard	-0.0135	1.3	1.3	452	128	40	0.486	[radical] S5/MASTERY_SURVIVAL: length_bonus: 0.0061 -> 0.0069; starvation_penalty: 0.0116 -> 0.0046; mass_loss_penalty: 1.8905 -> 1.7721; enemy_proximity_penalty: 1.7712 -> 1.8742; survival_escalation: 0.0019 -> 0.0013
2026-04-08T22:57:23.566073	7921	cd0b42b5	tweak	1	keep	0.1265	1.3	1.5	452	128	40	0.486	[tweak] S1/FOOD_VECTOR: survival: 0.0169 -> 0.0187
2026-04-08T22:57:26.808269	7922	26399f51	explore	2	keep	0.3796	1.5	2.1	452	128	40	0.486	[explore] S2/WALL_AVOID: death_wall: -45.8951 -> -42.0491; max_steps: 186 -> 213; survival_escalation: 0.0033 -> 0.0023
2026-04-08T22:57:30.061730	7923	ccf0124f	radical	2	keep	0.3796	1.5	2.1	452	128	40	0.486	[radical] S2/WALL_AVOID: death_snake: -31.5798 -> -43.3513; gamma: 0.8461 -> 0.8792; starvation_grace_steps: 40 -> 43; starvation_penalty: 0.0212 -> 0.0142; wall_proximity_penalty: 0.1023 -> 0.0580
2026-04-08T22:58:33.691429	7925	ba79d53a	radical	2	keep	0.3796	1.5	2.1	452	128	40	0.486	[radical] S2/WALL_AVOID: starvation_grace_steps: 43 -> 52; gamma: 0.8792 -> 0.8905; death_snake: -43.3513 -> -44.0961; death_wall: -42.0491 -> -57.5619; starvation_penalty: 0.0142 -> 0.0154
2026-04-08T22:58:36.970980	7926	95045524	tweak	1	keep	0.1265	1.3	1.5	452	128	40	0.486	[tweak] S1/FOOD_VECTOR: food_reward: 1.9750 -> 2.1148
2026-04-08T22:58:39.957479	7927	9434918b	tweak	5	discard	-0.0135	1.3	1.3	452	128	40	0.486	[tweak] S5/MASTERY_SURVIVAL: kill_opportunity_reward: 10.5263 -> 11.2274
2026-04-08T22:58:43.240761	7928	618ea9a0	radical	1	keep	0.1265	1.3	1.5	452	128	40	0.486	[radical] S1/FOOD_VECTOR: wall_proximity_penalty: 0.0219 -> 0.0154; survival: 0.0187 -> 0.0195; gamma: 0.8001 -> 0.8066; food_shaping: 0.1213 -> 0.0945; death_wall: -14.3927 -> -18.5061
2026-04-08T22:58:46.526088	7929	2e9d7d7b	tweak	1	keep	0.1265	1.3	1.5	452	128	40	0.486	[tweak] S1/FOOD_VECTOR: gamma: 0.8066 -> 0.8000
2026-04-08T22:58:49.782790	7930	874205be	tweak	1	keep	0.1265	1.3	1.5	452	128	40	0.486	[tweak] S1/FOOD_VECTOR: death_snake: -7.7292 -> -8.3342
2026-04-08T22:58:53.063865	7931	a6e3a72c	tweak	2	keep	0.3796	1.5	2.1	452	128	40	0.486	[tweak] S2/WALL_AVOID: survival: 0.0615 -> 0.0589
2026-04-08T22:59:56.741210	7933	38421b7d	radical	4	keep	0.1296	1.3	1.5	452	128	40	0.486	[radical] S4/MASS_MANAGEMENT: enemy_proximity_penalty: 0.8211 -> 1.0707; food_reward: 6.0267 -> 5.3782; max_steps: 2108 -> 2705; survival: 0.0737 -> 0.0722; death_wall: -36.5276 -> -46.6679
2026-04-08T23:00:00.020804	7934	dd18c5df	radical	4	keep	0.1296	1.3	1.5	452	128	40	0.486	[radical] S4/MASS_MANAGEMENT: starvation_penalty: 0.0374 -> 0.0627; enemy_approach_penalty: 0.0383 -> 0.0386; enemy_proximity_penalty: 1.0707 -> 1.3964; death_wall: -46.6679 -> -40.1112
2026-04-08T23:02:03.748772	7937	8c71085f	radical	5	discard	-0.0135	1.3	1.3	452	128	40	0.486	[radical] S5/MASTERY_SURVIVAL: starvation_penalty: 0.0116 -> 0.0154; length_bonus: 0.0061 -> 0.0086; food_reward: 3.8784 -> 3.3228; max_steps: 4035 -> 3174; death_snake: -31.6877 -> -21.5992
2026-04-08T23:02:07.047165	7938	f61d8ccc	radical	4	keep	0.1296	1.3	1.5	452	128	40	0.486	[radical] S4/MASS_MANAGEMENT: starvation_grace_steps: 9 -> 11; food_reward: 5.3782 -> 6.4831; death_snake: -100 -> -84.45961976015326; starvation_penalty: 0.0627 -> 0.0936; survival: 0.0722 -> 0.0480
2026-04-08T23:02:10.316137	7939	57d564ef	explore	4	keep	0.1296	1.3	1.5	452	128	40	0.486	[explore] S4/MASS_MANAGEMENT: survival_escalation: 0.0100 -> 0.0063; max_steps: 2705 -> 2897; survival: 0.0480 -> 0.0522
2026-04-08T23:03:13.691486	7941	6b10d010	tweak	3	discard	-0.1204	1.3	1.1	452	128	40	0.486	[tweak] S3/ENEMY_AVOID: food_reward: 3.7535 -> 4.1701
2026-04-08T23:03:16.951889	7942	7dbc6751	explore	4	keep	0.1296	1.3	1.5	452	128	40	0.486	[explore] S4/MASS_MANAGEMENT: starvation_grace_steps: 11 -> 10; length_bonus: 0.0181 -> 0.0195; death_snake: -84.4596 -> -93.4699
2026-04-08T23:03:20.235094	7943	8ede7f32	tweak	4	keep	0.1296	1.3	1.5	452	128	40	0.486	[tweak] S4/MASS_MANAGEMENT: death_wall: -40.1112 -> -39.5308
2026-04-08T23:03:23.246263	7944	c56384f4	tweak	5	discard	-0.0135	1.3	1.3	452	128	40	0.486	[tweak] S5/MASTERY_SURVIVAL: death_wall: -23.6640 -> -24.6330
2026-04-08T23:03:26.496961	7945	7a2fbc55	radical	4	keep	0.1296	1.3	1.5	452	128	40	0.486	[radical] S4/MASS_MANAGEMENT: starvation_grace_steps: 10 -> 11; gamma: 0.9555 -> 0.9764; enemy_proximity_penalty: 1.3964 -> 1.8642; survival: 0.0522 -> 0.0363; length_bonus: 0.0195 -> 0.0257
2026-04-08T23:04:29.863569	7947	3c9fa0b9	radical	5	discard	-0.0135	1.3	1.3	452	128	40	0.486	[radical] S5/MASTERY_SURVIVAL: wall_proximity_penalty: 0.3813 -> 0.1944; enemy_alert_dist: 1329 -> 1375; mass_loss_penalty: 1.8905 -> 2.8939; starvation_grace_steps: 138 -> 136; death_wall: -23.6640 -> -19.0507
2026-04-08T23:04:32.849063	7948	4f725edd	tweak	5	discard	-0.0135	1.3	1.3	452	128	40	0.486	[tweak] S5/MASTERY_SURVIVAL: enemy_approach_penalty: 0.1034 -> 0.1130
2026-04-08T23:04:35.826041	7949	28749b45	tweak	3	discard	-0.1204	1.3	1.1	452	128	40	0.486	[tweak] S3/ENEMY_AVOID: max_steps: 842 -> 812
2026-04-08T23:04:39.103201	7950	f3d38d81	explore	4	keep	0.1296	1.3	1.5	452	128	40	0.486	[explore] S4/MASS_MANAGEMENT: max_steps: 2897 -> 2371; survival_escalation: 0.0063 -> 0.0090; boost_penalty: 0.8294 -> 0.6495
2026-04-08T23:04:42.370625	7951	0eeef666	explore	2	keep	0.3796	1.5	2.1	452	128	40	0.486	[explore] S2/WALL_AVOID: max_steps: 213 -> 235; death_snake: -44.0961 -> -46.9712; food_shaping: 0.0877 -> 0.0734
2026-04-08T23:04:45.681287	7952	69e87f5c	radical	1	keep	0.1265	1.3	1.5	452	128	40	0.486	[radical] S1/FOOD_VECTOR: food_reward: 2.1148 -> 1.9270; wall_proximity_penalty: 0.0154 -> 0.0126; survival: 0.0195 -> 0.0219; food_shaping: 0.0945 -> 0.0705
2026-04-08T23:05:49.034916	7954	6db99b19	radical	3	discard	-0.1204	1.3	1.1	452	128	40	0.486	[radical] S3/ENEMY_AVOID: death_snake: -42.1862 -> -56.7448; survival: 0.3055 -> 0.3753; enemy_alert_dist: 2395 -> 2902; max_steps: 842 -> 636; gamma: 0.9291 -> 0.9391
2026-04-08T23:06:52.645069	7956	74205a56	tweak	2	keep	0.3796	1.5	2.1	452	128	40	0.486	[tweak] S2/WALL_AVOID: food_reward: 1.0136 -> 1.0452
2026-04-08T23:06:55.913894	7957	bcb9d600	radical	2	keep	0.3796	1.5	2.1	452	128	40	0.486	[radical] S2/WALL_AVOID: wall_proximity_penalty: 0.0580 -> 0.0815; max_steps: 235 -> 172; food_reward: 1.0452 -> 1.2552; food_shaping: 0.0734 -> 0.0488; gamma: 0.8905 -> 0.8787
2026-04-08T23:06:58.909979	7958	72c1544a	tweak	3	discard	-0.1204	1.3	1.1	452	128	40	0.486	[tweak] S3/ENEMY_AVOID: boost_penalty: 0.0756 -> 0.0830
2026-04-08T23:09:02.918205	7961	3085fced	radical	2	keep	0.3796	1.5	2.1	452	128	40	0.486	[radical] S2/WALL_AVOID: death_snake: -46.9712 -> -57.8140; food_shaping: 0.0488 -> 0.0561; max_steps: 172 -> 204; gamma: 0.8787 -> 0.8739; survival: 0.0589 -> 0.0414
2026-04-08T23:09:05.893501	7962	26e6078e	tweak	5	discard	-0.0135	1.3	1.3	452	128	40	0.486	[tweak] S5/MASTERY_SURVIVAL: boost_penalty: 6.0475 -> 5.2062
2026-04-08T23:09:09.171912	7963	f334bd2e	explore	2	keep	0.3796	1.5	2.1	452	128	40	0.486	[explore] S2/WALL_AVOID: starvation_penalty: 0.0154 -> 0.0158; food_reward: 1.2552 -> 1.5598; food_shaping: 0.0561 -> 0.0377
2026-04-08T23:10:12.798384	7965	624ff4fc	explore	4	keep	0.1296	1.3	1.5	452	128	40	0.486	[explore] S4/MASS_MANAGEMENT: gamma: 0.9764 -> 0.9950; enemy_alert_dist: 3521 -> 4000; food_shaping: 0.0651 -> 0.0697
2026-04-08T23:10:16.046429	7966	469b4364	radical	1	keep	0.1265	1.3	1.5	452	128	40	0.486	[radical] S1/FOOD_VECTOR: wall_proximity_penalty: 0.0126 -> 0.0159; food_reward: 1.9270 -> 1.3813; gamma: 0.8000 -> 0.8082; death_wall: -18.5061 -> -13.1711; death_snake: -8.3342 -> -8.9897
2026-04-08T23:10:19.025880	7967	4986c1f3	explore	3	discard	-0.1204	1.3	1.1	452	128	40	0.486	[explore] S3/ENEMY_AVOID: food_shaping: 0.0900 -> 0.1243; starvation_penalty: 0.0014 -> 0.0018; max_steps: 842 -> 741
2026-04-08T23:10:22.297240	7968	f3d7c639	tweak	2	keep	0.3796	1.5	2.1	452	128	40	0.486	[tweak] S2/WALL_AVOID: gamma: 0.8739 -> 0.8857
2026-04-08T23:11:25.942608	7970	4cbd1373	explore	2	keep	0.3796	1.5	2.1	452	128	40	0.486	[explore] S2/WALL_AVOID: death_snake: -57.8140 -> -71.0666; food_shaping: 0.0377 -> 0.0474; starvation_grace_steps: 52 -> 58
2026-04-08T23:11:29.217951	7971	2ffc6c38	radical	4	keep	0.1296	1.3	1.5	452	128	40	0.486	[radical] S4/MASS_MANAGEMENT: enemy_alert_dist: 4000 -> 3822; death_snake: -93.4699 -> -86.2670; enemy_proximity_penalty: 1.8642 -> 2.7414; survival: 0.0363 -> 0.0476; mass_loss_penalty: 2.1450 -> 3.3045
2026-04-08T23:11:32.486215	7972	d45b8776	explore	2	keep	0.3796	1.5	2.1	452	128	40	0.486	[explore] S2/WALL_AVOID: death_snake: -71.0666 -> -64.3215; food_reward: 1.5598 -> 1.2062; starvation_grace_steps: 58 -> 50
2026-04-08T23:11:35.459517	7973	fbebb83f	explore	3	discard	-0.1204	1.3	1.1	452	128	40	0.486	[explore] S3/ENEMY_AVOID: death_wall: -5.2937 -> -5.0026; enemy_alert_dist: 2395 -> 2846; starvation_penalty: 0.0014 -> 0.0011
2026-04-08T23:11:38.732192	7974	9083fe5a	tweak	1	keep	0.1265	1.3	1.5	452	128	40	0.486	[tweak] S1/FOOD_VECTOR: food_reward: 1.3813 -> 1.5419
2026-04-08T23:11:42.025099	7975	70654f7e	explore	2	keep	0.3796	1.5	2.1	452	128	40	0.486	[explore] S2/WALL_AVOID: survival_escalation: 0.0023 -> 0.0024; death_wall: -57.5619 -> -56.2629; food_shaping: 0.0474 -> 0.0599
2026-04-08T23:12:45.406591	7977	f8220831	explore	3	discard	-0.1204	1.3	1.1	452	128	40	0.486	[explore] S3/ENEMY_AVOID: food_reward: 3.7535 -> 2.9278; starvation_grace_steps: 48 -> 43; death_snake: -42.1862 -> -48.5399
2026-04-08T23:12:48.381743	7978	0606d3f5	tweak	3	discard	-0.1204	1.3	1.1	452	128	40	0.486	[tweak] S3/ENEMY_AVOID: survival: 0.3055 -> 0.3407
2026-04-08T23:12:51.641905	7979	e307f631	explore	1	keep	0.1265	1.3	1.5	452	128	40	0.486	[explore] S1/FOOD_VECTOR: death_snake: -8.9897 -> -10.2451; food_shaping: 0.0705 -> 0.0869; gamma: 0.8082 -> 0.8300
2026-04-08T23:12:54.918534	7980	ab7b56fb	radical	1	keep	0.1265	1.3	1.5	452	128	40	0.486	[radical] S1/FOOD_VECTOR: death_wall: -13.1711 -> -16.8527; food_reward: 1.5419 -> 1.0288; food_shaping: 0.0869 -> 0.0984; death_snake: -10.2451 -> -13.3268; survival: 0.0219 -> 0.0289
2026-04-08T23:13:58.310771	7982	be1beefc	radical	5	discard	-0.0135	1.3	1.3	452	128	40	0.486	[radical] S5/MASTERY_SURVIVAL: enemy_proximity_penalty: 1.7712 -> 0.8546; survival_escalation: 0.0019 -> 0.0021; mass_loss_penalty: 1.8905 -> 1.2579; enemy_zone_control_reward: 0.0659 -> 0.0636; food_shaping: 0.0927 -> 0.1324
2026-04-08T23:14:01.589643	7983	bf78b98e	tweak	1	keep	0.1265	1.3	1.5	452	128	40	0.486	[tweak] S1/FOOD_VECTOR: wall_proximity_penalty: 0.0159 -> 0.0137
2026-04-08T23:14:04.856449	7984	bc82f57c	radical	2	keep	0.3796	1.5	2.1	452	128	40	0.486	[radical] S2/WALL_AVOID: max_steps: 204 -> 195; wall_proximity_penalty: 0.0815 -> 0.0741; gamma: 0.8857 -> 0.9236; survival: 0.0414 -> 0.0514; starvation_penalty: 0.0158 -> 0.0172
2026-04-08T23:14:08.137111	7985	9a698048	radical	4	keep	0.1296	1.3	1.5	452	128	40	0.486	[radical] S4/MASS_MANAGEMENT: starvation_grace_steps: 11 -> 15; wall_proximity_penalty: 0.1182 -> 0.1501; boost_penalty: 0.6495 -> 0.5495; enemy_proximity_penalty: 2.7414 -> 4.1349; death_snake: -86.2670 -> -88.4530
2026-04-08T23:14:11.128446	7986	e492150a	radical	5	discard	-0.0135	1.3	1.3	452	128	40	0.486	[radical] S5/MASTERY_SURVIVAL: food_reward: 3.8784 -> 3.2887; survival_escalation: 0.0019 -> 0.0028; mass_loss_penalty: 1.8905 -> 1.4206; wall_proximity_penalty: 0.3813 -> 0.5986; contest_food_reward: 0.9186 -> 1.1594
2026-04-08T23:14:14.417591	7987	8c8fc10f	tweak	4	keep	0.1296	1.3	1.5	452	128	40	0.486	[tweak] S4/MASS_MANAGEMENT: starvation_penalty: 0.0936 -> 0.1137
2026-04-08T23:14:17.422024	7988	c4ccb254	tweak	5	discard	-0.0135	1.3	1.3	452	128	40	0.486	[tweak] S5/MASTERY_SURVIVAL: mass_loss_penalty: 1.8905 -> 1.8766
2026-04-08T23:14:20.684481	7989	2470a0ee	tweak	2	keep	0.3796	1.5	2.1	452	128	40	0.486	[tweak] S2/WALL_AVOID: wall_proximity_penalty: 0.0741 -> 0.0824
2026-04-08T23:14:23.644390	7990	c1209150	radical	5	discard	-0.0135	1.3	1.3	452	128	40	0.486	[radical] S5/MASTERY_SURVIVAL: length_bonus: 0.0061 -> 0.0103; boost_penalty: 6.0475 -> 7.8405; food_shaping: 0.0927 -> 0.0786; enemy_proximity_penalty: 1.7712 -> 1.1379; contest_food_reward: 0.9186 -> 0.6559
2026-04-08T23:15:27.037805	7992	767373be	radical	5	discard	-0.0135	1.3	1.3	452	128	40	0.486	[radical] S5/MASTERY_SURVIVAL: starvation_grace_steps: 138 -> 98; starvation_penalty: 0.0116 -> 0.0195; death_snake: -31.6877 -> -26.3367; mass_loss_penalty: 1.8905 -> 1.1346; enemy_zone_control_reward: 0.0659 -> 0.0326
2026-04-08T23:15:30.311309	7993	60b20006	tweak	1	keep	0.1265	1.3	1.5	452	128	40	0.486	[tweak] S1/FOOD_VECTOR: wall_proximity_penalty: 0.0137 -> 0.0139
2026-04-08T23:16:33.937147	7995	c30e2644	tweak	4	keep	0.1296	1.3	1.5	452	128	40	0.486	[tweak] S4/MASS_MANAGEMENT: mass_loss_penalty: 3.3045 -> 3.4277
2026-04-08T23:17:37.610493	7997	9e974e13	explore	4	keep	0.1296	1.3	1.5	452	128	40	0.486	[explore] S4/MASS_MANAGEMENT: starvation_penalty: 0.1137 -> 0.1169; survival_escalation: 0.0090 -> 0.0100; wall_proximity_penalty: 0.1501 -> 0.1012
2026-04-08T23:17:40.887847	7998	2d1fb280	radical	1	keep	0.1265	1.3	1.5	452	128	40	0.486	[radical] S1/FOOD_VECTOR: food_reward: 1.0288 -> 1.0137; death_snake: -13.3268 -> -13.6627; death_wall: -16.8527 -> -19.6528; max_steps: 122 -> 102; food_shaping: 0.0984 -> 0.0435
2026-04-08T23:18:44.545656	8000	dec9d348	tweak	2	keep	0.3796	1.5	2.1	452	128	40	0.486	[tweak] S2/WALL_AVOID: starvation_grace_steps: 50 -> 55
2026-04-08T23:18:47.816374	8001	ca40da07	tweak	4	keep	0.1296	1.3	1.5	452	128	40	0.486	[tweak] S4/MASS_MANAGEMENT: enemy_alert_dist: 3822 -> 4000
2026-04-08T23:19:51.490679	8003	649ab768	explore	1	keep	0.1265	1.3	1.5	452	128	40	0.486	[explore] S1/FOOD_VECTOR: wall_proximity_penalty: 0.0139 -> 0.0113; food_reward: 1.0137 -> 1.0000; gamma: 0.8300 -> 0.8318
2026-04-08T23:19:54.766926	8004	b0ce89ad	tweak	4	keep	0.1296	1.3	1.5	452	128	40	0.486	[tweak] S4/MASS_MANAGEMENT: length_bonus: 0.0257 -> 0.0300
2026-04-08T23:19:58.055953	8005	4b25bee2	radical	1	keep	0.1265	1.3	1.5	452	128	40	0.486	[radical] S1/FOOD_VECTOR: gamma: 0.8318 -> 0.8202; food_shaping: 0.0435 -> 0.0517; death_snake: -13.6627 -> -12.9086; death_wall: -19.6528 -> -22.9769; max_steps: 102 -> 100
2026-04-08T23:20:01.348602	8006	68006832	tweak	4	keep	0.1296	1.3	1.5	452	128	40	0.486	[tweak] S4/MASS_MANAGEMENT: no effective changes
2026-04-08T23:20:04.315161	8007	f3158c0f	radical	3	discard	-0.1204	1.3	1.1	452	128	40	0.486	[radical] S3/ENEMY_AVOID: death_snake: -42.1862 -> -29.9112; max_steps: 842 -> 655; boost_penalty: 0.0756 -> 0.1103; survival: 0.3055 -> 0.2691; gamma: 0.9291 -> 0.9516
2026-04-08T23:20:07.304819	8008	48458265	tweak	3	discard	-0.1204	1.3	1.1	452	128	40	0.486	[tweak] S3/ENEMY_AVOID: gamma: 0.9291 -> 0.9210
2026-04-08T23:20:10.580548	8009	e38e386e	tweak	2	keep	0.3796	1.5	2.1	452	128	40	0.486	[tweak] S2/WALL_AVOID: death_wall: -56.2629 -> -56.3018
2026-04-08T23:21:14.219436	8011	74e7412b	explore	2	keep	0.3796	1.5	2.1	452	128	40	0.486	[explore] S2/WALL_AVOID: death_snake: -64.3215 -> -50.5463; gamma: 0.9236 -> 0.9161; wall_proximity_penalty: 0.0824 -> 0.0759
2026-04-08T23:21:17.515084	8012	e97e5647	explore	1	keep	0.1265	1.3	1.5	452	128	40	0.486	[explore] S1/FOOD_VECTOR: food_reward: 1.0000 -> 1.1527; max_steps: 100 -> 108; death_wall: -22.9769 -> -19.1338
2026-04-08T23:21:20.788400	8013	a2f93a1c	explore	2	keep	0.3796	1.5	2.1	452	128	40	0.486	[explore] S2/WALL_AVOID: death_snake: -50.5463 -> -43.1554; max_steps: 195 -> 177; starvation_penalty: 0.0172 -> 0.0258
2026-04-08T23:22:24.417861	8015	3b0dcd36	tweak	2	keep	0.3796	1.5	2.1	452	128	40	0.486	[tweak] S2/WALL_AVOID: food_shaping: 0.0599 -> 0.0574
2026-04-08T23:22:27.407491	8016	0faebf96	tweak	3	discard	-0.1204	1.3	1.1	452	128	40	0.486	[tweak] S3/ENEMY_AVOID: starvation_grace_steps: 48 -> 46
2026-04-08T23:22:30.678191	8017	e7300cba	tweak	1	keep	0.1265	1.3	1.5	452	128	40	0.486	[tweak] S1/FOOD_VECTOR: death_snake: -12.9086 -> -13.2456
2026-04-08T23:23:34.344778	8019	859b0246	radical	2	keep	0.3796	1.5	2.1	452	128	40	0.486	[radical] S2/WALL_AVOID: survival: 0.0514 -> 0.0327; max_steps: 177 -> 158; food_shaping: 0.0574 -> 0.0609; death_wall: -56.3018 -> -57.5559; starvation_grace_steps: 55 -> 72
2026-04-08T23:23:37.613903	8020	26bcc78c	tweak	2	keep	0.3796	1.5	2.1	452	128	40	0.486	[tweak] S2/WALL_AVOID: death_snake: -43.1554 -> -45.4465
2026-04-08T23:23:40.886784	8021	cfea3dd7	radical	1	keep	0.1265	1.3	1.5	452	128	40	0.486	[radical] S1/FOOD_VECTOR: max_steps: 108 -> 100; survival: 0.0289 -> 0.0319; food_reward: 1.1527 -> 1.0000; wall_proximity_penalty: 0.0113 -> 0.0068; food_shaping: 0.0517 -> 0.0480
2026-04-08T23:23:44.167469	8022	20568273	explore	4	keep	0.1296	1.3	1.5	452	128	40	0.486	[explore] S4/MASS_MANAGEMENT: mass_loss_penalty: 3.4277 -> 2.5342; gamma: 0.9950 -> 0.9883
2026-04-08T23:23:47.429939	8023	e8ce8d0d	radical	1	keep	0.1265	1.3	1.5	452	128	40	0.486	[radical] S1/FOOD_VECTOR: death_wall: -19.1338 -> -23.9180; survival: 0.0319 -> 0.0390; death_snake: -13.2456 -> -12.1506
2026-04-08T23:23:50.394463	8024	a8ede1a0	tweak	5	discard	-0.0135	1.3	1.3	452	128	40	0.486	[tweak] S5/MASTERY_SURVIVAL: enemy_approach_penalty: 0.1034 -> 0.0872
2026-04-08T23:23:53.674993	8025	b88af936	explore	2	keep	0.3796	1.5	2.1	452	128	40	0.486	[explore] S2/WALL_AVOID: food_reward: 1.2062 -> 1.5209; starvation_grace_steps: 72 -> 79; food_shaping: 0.0609 -> 0.0844
2026-04-08T23:23:56.682356	8026	ca7622aa	radical	5	discard	-0.0135	1.3	1.3	452	128	40	0.486	[radical] S5/MASTERY_SURVIVAL: boost_penalty: 6.0475 -> 6.7700; contest_food_reward: 0.9186 -> 1.1579; food_reward: 3.8784 -> 2.6317; food_shaping: 0.0927 -> 0.1378; enemy_alert_dist: 1329 -> 1361
2026-04-08T23:24:59.993845	8028	756aeefa	explore	3	discard	-0.1204	1.3	1.1	452	128	40	0.486	[explore] S3/ENEMY_AVOID: boost_penalty: 0.0756 -> 0.0879; gamma: 0.9291 -> 0.9271; death_wall: -5.2937 -> -5.0000
2026-04-08T23:25:03.301187	8029	8bb40f6c	radical	1	keep	0.1265	1.3	1.5	452	128	40	0.486	[radical] S1/FOOD_VECTOR: death_snake: -12.1506 -> -11.4536; food_reward: 1.0000 -> 1.1168; wall_proximity_penalty: 0.0068 -> 0.0091; food_shaping: 0.0480 -> 0.0457; max_steps: 100 -> 106
2026-04-08T23:25:06.305509	8030	07bb21d5	tweak	5	discard	-0.0135	1.3	1.3	452	128	40	0.486	[tweak] S5/MASTERY_SURVIVAL: enemy_proximity_penalty: 1.7712 -> 1.4179
2026-04-08T23:25:09.290312	8031	543fc984	radical	5	discard	-0.0135	1.3	1.3	452	128	40	0.486	[radical] S5/MASTERY_SURVIVAL: death_snake: -31.6877 -> -33.3620; starvation_grace_steps: 138 -> 135; enemy_alert_dist: 1329 -> 956; enemy_proximity_penalty: 1.7712 -> 0.7103
2026-04-08T23:25:12.300688	8032	d8cf66b1	radical	5	discard	-0.0135	1.3	1.3	452	128	40	0.486	[radical] S5/MASTERY_SURVIVAL: mass_loss_penalty: 1.8905 -> 1.7269; length_bonus: 0.0061 -> 0.0050; enemy_alert_dist: 1329 -> 1154; survival: 0.0794 -> 0.0707
2026-04-08T23:25:15.268530	8033	268d056e	tweak	5	discard	-0.0135	1.3	1.3	452	128	40	0.486	[tweak] S5/MASTERY_SURVIVAL: survival: 0.0794 -> 0.0730
2026-04-08T23:25:18.261061	8034	21f69639	radical	3	discard	-0.1204	1.3	1.1	452	128	40	0.486	[radical] S3/ENEMY_AVOID: death_snake: -42.1862 -> -31.3311; enemy_alert_dist: 2395 -> 3155; boost_penalty: 0.0756 -> 0.0691; starvation_penalty: 0.0014 -> 0.0016; enemy_proximity_penalty: 1.1236 -> 1.2571
2026-04-08T23:26:21.898673	8036	22abe7ca	radical	4	keep	0.1296	1.3	1.5	452	128	40	0.486	[radical] S4/MASS_MANAGEMENT: boost_penalty: 0.5495 -> 0.6156; max_steps: 2371 -> 2027; food_shaping: 0.0697 -> 0.0900; starvation_penalty: 0.1169 -> 0.1974; food_reward: 6.4831 -> 3.9337
2026-04-08T23:26:24.893021	8037	c0ad707f	radical	3	discard	-0.1204	1.3	1.1	452	128	40	0.486	[radical] S3/ENEMY_AVOID: starvation_penalty: 0.0014 -> 0.0014; enemy_approach_penalty: 0.8866 -> 0.6515; food_reward: 3.7535 -> 2.9244; gamma: 0.9291 -> 0.9215; survival: 0.3055 -> 0.2212
2026-04-08T23:27:28.260458	8039	08b1fa54	tweak	5	discard	-0.0135	1.3	1.3	452	128	40	0.486	[tweak] S5/MASTERY_SURVIVAL: enemy_alert_dist: 1329 -> 1255
2026-04-08T23:27:31.540278	8040	11bf7208	radical	1	keep	0.1265	1.3	1.5	452	128	40	0.486	[radical] S1/FOOD_VECTOR: gamma: 0.8202 -> 0.8000; food_shaping: 0.0457 -> 0.0229; food_reward: 1.1168 -> 1.6168; wall_proximity_penalty: 0.0091 -> 0.0061; death_snake: -11.4536 -> -15.6420
2026-04-08T23:27:34.514424	8041	e84deb7f	radical	5	discard	-0.0135	1.3	1.3	452	128	40	0.486	[radical] S5/MASTERY_SURVIVAL: starvation_grace_steps: 138 -> 146; food_reward: 3.8784 -> 4.7388; food_shaping: 0.0927 -> 0.1465; death_wall: -23.6640 -> -30.1815; enemy_proximity_penalty: 1.7712 -> 2.5339
2026-04-08T23:27:37.523299	8042	2811e11e	radical	5	discard	-0.0135	1.3	1.3	452	128	40	0.486	[radical] S5/MASTERY_SURVIVAL: death_wall: -23.6640 -> -19.2638; survival_escalation: 0.0019 -> 0.0029; starvation_grace_steps: 138 -> 81; survival: 0.0794 -> 0.0952; death_snake: -31.6877 -> -25.4390
2026-04-08T23:28:40.920153	8044	f520b472	radical	5	discard	-0.0135	1.3	1.3	452	128	40	0.486	[radical] S5/MASTERY_SURVIVAL: survival_escalation: 0.0019 -> 0.0017; food_shaping: 0.0927 -> 0.1339; kill_opportunity_reward: 10.5263 -> 8.1851; starvation_grace_steps: 138 -> 119; enemy_approach_penalty: 0.1034 -> 0.0877
2026-04-08T23:28:44.206926	8045	89556ce0	tweak	1	keep	0.1265	1.3	1.5	452	128	40	0.486	[tweak] S1/FOOD_VECTOR: survival: 0.0390 -> 0.0424
2026-04-08T23:28:47.209016	8046	2c876b4b	tweak	5	discard	-0.0135	1.3	1.3	452	128	40	0.486	[tweak] S5/MASTERY_SURVIVAL: max_steps: 4035 -> 3967
2026-04-08T23:28:50.469175	8047	3c65a97f	explore	2	keep	0.3796	1.5	2.1	452	128	40	0.486	[explore] S2/WALL_AVOID: max_steps: 158 -> 168; survival: 0.0327 -> 0.0354; starvation_penalty: 0.0258 -> 0.0301
2026-04-08T23:28:53.739018	8048	d6cf052d	tweak	1	keep	0.1265	1.3	1.5	452	128	40	0.486	[tweak] S1/FOOD_VECTOR: food_shaping: 0.0229 -> 0.0269
2026-04-08T23:28:57.002540	8049	a6a866d2	tweak	2	keep	0.3796	1.5	2.1	452	128	40	0.486	[tweak] S2/WALL_AVOID: starvation_penalty: 0.0301 -> 0.0356
2026-04-08T23:31:01.046677	8052	8e26a8b2	explore	4	keep	0.1296	1.3	1.5	452	128	40	0.486	[explore] S4/MASS_MANAGEMENT: death_snake: -88.4530 -> -81.2232; boost_penalty: 0.6156 -> 0.6965; starvation_grace_steps: 15 -> 13
2026-04-08T23:31:04.330752	8053	89f61806	explore	1	keep	0.1265	1.3	1.5	452	128	40	0.486	[explore] S1/FOOD_VECTOR: death_snake: -15.6420 -> -14.3212; max_steps: 106 -> 103; survival: 0.0424 -> 0.0316
2026-04-08T23:31:07.316378	8054	3542bc0a	explore	3	discard	-0.1204	1.3	1.1	452	128	40	0.486	[explore] S3/ENEMY_AVOID: enemy_approach_penalty: 0.8866 -> 0.7522; gamma: 0.9291 -> 0.9044; boost_penalty: 0.0756 -> 0.0707
2026-04-08T23:31:10.582462	8055	52987626	tweak	4	keep	0.1296	1.3	1.5	452	128	40	0.486	[tweak] S4/MASS_MANAGEMENT: wall_proximity_penalty: 0.1012 -> 0.1185
2026-04-08T23:31:13.855333	8056	29933c05	radical	2	keep	0.3796	1.5	2.1	452	128	40	0.486	[radical] S2/WALL_AVOID: starvation_penalty: 0.0356 -> 0.0370; max_steps: 168 -> 153; survival_escalation: 0.0024 -> 0.0018; death_snake: -45.4465 -> -44.8846; survival: 0.0354 -> 0.0493
2026-04-08T23:31:17.134867	8057	5bad4701	explore	1	keep	0.1265	1.3	1.5	452	128	40	0.486	[explore] S1/FOOD_VECTOR: food_reward: 1.6168 -> 1.9725; wall_proximity_penalty: 0.0061 -> 0.0073; death_snake: -14.3212 -> -17.5922
2026-04-08T23:31:20.112914	8058	b2601ac2	explore	5	discard	-0.0135	1.3	1.3	452	128	40	0.486	[explore] S5/MASTERY_SURVIVAL: food_shaping: 0.0927 -> 0.0947; enemy_approach_penalty: 0.1034 -> 0.0885; starvation_penalty: 0.0116 -> 0.0143
2026-04-08T23:31:23.397130	8059	b2a31ed8	explore	2	keep	0.3796	1.5	2.1	452	128	40	0.486	[explore] S2/WALL_AVOID: starvation_grace_steps: 79 -> 67; food_shaping: 0.0844 -> 0.0948; wall_proximity_penalty: 0.0759 -> 0.0830
2026-04-08T23:31:26.380452	8060	7ccfe019	radical	3	discard	-0.1204	1.3	1.1	452	128	40	0.486	[radical] S3/ENEMY_AVOID: boost_penalty: 0.0756 -> 0.0896; max_steps: 842 -> 751; death_wall: -5.2937 -> -5.2698; enemy_proximity_penalty: 1.1236 -> 1.2057; starvation_grace_steps: 48 -> 65
2026-04-08T23:31:29.664431	8061	dc817ba3	tweak	4	keep	0.1296	1.3	1.5	452	128	40	0.486	[tweak] S4/MASS_MANAGEMENT: survival: 0.0476 -> 0.0456
2026-04-08T23:31:32.670221	8062	5005e05f	radical	5	discard	-0.0135	1.3	1.3	452	128	40	0.486	[radical] S5/MASTERY_SURVIVAL: wall_proximity_penalty: 0.3813 -> 0.2164; death_wall: -23.6640 -> -16.2446; survival_escalation: 0.0019 -> 0.0023; gamma: 0.9950 -> 0.9842; death_snake: -31.6877 -> -31.2739
2026-04-08T23:31:35.943345	8063	df1db887	radical	1	keep	0.1265	1.3	1.5	452	128	40	0.486	[radical] S1/FOOD_VECTOR: survival: 0.0316 -> 0.0203; death_snake: -17.5922 -> -19.5188; death_wall: -23.9180 -> -18.0256; food_reward: 1.9725 -> 1.6643
2026-04-08T23:31:39.216965	8064	8cc80006	tweak	4	keep	0.1296	1.3	1.5	452	128	40	0.486	[tweak] S4/MASS_MANAGEMENT: gamma: 0.9883 -> 0.9950
2026-04-08T23:31:42.492583	8065	2106ce8c	radical	2	keep	0.3796	1.5	2.1	452	128	40	0.486	[radical] S2/WALL_AVOID: death_wall: -57.5559 -> -56.0775; starvation_grace_steps: 67 -> 89; starvation_penalty: 0.0370 -> 0.0423; max_steps: 153 -> 158; survival_escalation: 0.0018 -> 0.0005
2026-04-08T23:31:45.781023	8066	b99b58f2	radical	4	keep	0.1296	1.3	1.5	452	128	40	0.486	[radical] S4/MASS_MANAGEMENT: starvation_grace_steps: 13 -> 14; max_steps: 2027 -> 2071; boost_penalty: 0.6965 -> 0.3884; survival: 0.0456 -> 0.0287
2026-04-08T23:31:48.776542	8067	bc8e5d50	radical	5	discard	-0.0135	1.3	1.3	452	128	40	0.486	[radical] S5/MASTERY_SURVIVAL: max_steps: 4035 -> 3358; starvation_grace_steps: 138 -> 183; survival: 0.0794 -> 0.1140; wall_proximity_penalty: 0.3813 -> 0.2050
2026-04-08T23:31:52.027236	8068	fb3190af	explore	2	keep	0.3796	1.5	2.1	452	128	40	0.486	[explore] S2/WALL_AVOID: survival: 0.0493 -> 0.0540; wall_proximity_penalty: 0.0830 -> 0.0505; food_reward: 1.5209 -> 1.4934
2026-04-08T23:32:55.400595	8070	128642ef	tweak	5	discard	-0.0135	1.3	1.3	452	128	40	0.486	[tweak] S5/MASTERY_SURVIVAL: enemy_alert_dist: 1329 -> 1355
2026-04-08T23:33:59.012249	8072	8c98c22d	explore	4	keep	0.1296	1.3	1.5	452	128	40	0.486	[explore] S4/MASS_MANAGEMENT: survival: 0.0287 -> 0.0270; gamma: 0.9950 -> 0.9916; boost_penalty: 0.3884 -> 0.3093
2026-04-08T23:34:02.285085	8073	3e1d63ae	tweak	4	keep	0.1296	1.3	1.5	452	128	40	0.486	[tweak] S4/MASS_MANAGEMENT: enemy_proximity_penalty: 4.1349 -> 4.6905
2026-04-08T23:34:05.266463	8074	3eef469d	tweak	5	discard	-0.0135	1.3	1.3	452	128	40	0.486	[tweak] S5/MASTERY_SURVIVAL: enemy_alert_dist: 1329 -> 1337
2026-04-08T23:34:08.547432	8075	b86b06b3	radical	2	keep	0.3796	1.5	2.1	452	128	40	0.486	[radical] S2/WALL_AVOID: survival_escalation: 0.0005 -> 0.0007; starvation_penalty: 0.0423 -> 0.0577; max_steps: 158 -> 179; food_shaping: 0.0948 -> 0.0548; starvation_grace_steps: 89 -> 84
2026-04-08T23:34:11.822938	8076	669abc73	radical	1	keep	0.1265	1.3	1.5	452	128	40	0.486	[radical] S1/FOOD_VECTOR: survival: 0.0203 -> 0.0183; wall_proximity_penalty: 0.0073 -> 0.0052; max_steps: 103 -> 115; death_wall: -18.0256 -> -13.4463; food_shaping: 0.0269 -> 0.0342
2026-04-08T23:35:15.481454	8078	22cbf4f6	tweak	4	keep	0.1296	1.3	1.5	452	128	40	0.486	[tweak] S4/MASS_MANAGEMENT: enemy_proximity_penalty: 4.6905 -> 5.0000
2026-04-08T23:35:18.754296	8079	52fffbd4	radical	1	keep	0.1265	1.3	1.5	452	128	40	0.486	[radical] S1/FOOD_VECTOR: death_snake: -19.5188 -> -16.3891; max_steps: 115 -> 111; wall_proximity_penalty: 0.0052 -> 0.0022; food_shaping: 0.0342 -> 0.0294
2026-04-08T23:35:22.015454	8080	14cbf3bf	tweak	4	keep	0.1296	1.3	1.5	452	128	40	0.486	[tweak] S4/MASS_MANAGEMENT: mass_loss_penalty: 2.5342 -> 2.3616
2026-04-08T23:37:25.742249	8083	3204ed7d	explore	3	discard	-0.1204	1.3	1.1	452	128	40	0.486	[explore] S3/ENEMY_AVOID: starvation_penalty: 0.0014 -> 0.0013; max_steps: 842 -> 882; food_reward: 3.7535 -> 3.3913
2026-04-08T23:39:29.741787	8086	16119a8e	radical	2	keep	0.3796	1.5	2.1	452	128	40	0.486	[radical] S2/WALL_AVOID: survival: 0.0540 -> 0.0700; food_reward: 1.4934 -> 1.2557; survival_escalation: 0.0007 -> 0.0002; wall_proximity_penalty: 0.0505 -> 0.0227; gamma: 0.9161 -> 0.9102
2026-04-08T23:39:32.749802	8087	f1e13262	explore	5	discard	-0.0135	1.3	1.3	452	128	40	0.486	[explore] S5/MASTERY_SURVIVAL: boost_penalty: 6.0475 -> 7.9494; survival: 0.0794 -> 0.0867; food_reward: 3.8784 -> 3.8398
2026-04-08T23:39:36.032356	8088	ef73279b	explore	2	keep	0.3796	1.5	2.1	452	128	40	0.486	[explore] S2/WALL_AVOID: gamma: 0.9102 -> 0.9027; wall_proximity_penalty: 0.0227 -> 0.0181; food_shaping: 0.0548 -> 0.0625
2026-04-08T23:39:39.330474	8089	ed3f1af5	explore	4	keep	0.1296	1.3	1.5	452	128	40	0.486	[explore] S4/MASS_MANAGEMENT: death_wall: -39.5308 -> -38.4919; starvation_penalty: 0.1974 -> 0.1694; enemy_approach_penalty: 0.0386 -> 0.0310
2026-04-08T23:39:42.324767	8090	ebe7e1cf	tweak	5	discard	-0.0135	1.3	1.3	452	128	40	0.486	[tweak] S5/MASTERY_SURVIVAL: food_shaping: 0.0927 -> 0.0958
2026-04-08T23:39:45.292906	8091	38073a80	tweak	5	discard	-0.0135	1.3	1.3	452	128	40	0.486	[tweak] S5/MASTERY_SURVIVAL: enemy_alert_dist: 1329 -> 1236
2026-04-08T23:39:48.292239	8092	80be64e5	tweak	3	discard	-0.1204	1.3	1.1	452	128	40	0.486	[tweak] S3/ENEMY_AVOID: max_steps: 842 -> 891
2026-04-08T23:39:51.538079	8093	8af8cefe	explore	1	keep	0.1265	1.3	1.5	452	128	40	0.486	[explore] S1/FOOD_VECTOR: max_steps: 111 -> 116; food_reward: 1.6643 -> 1.8249
2026-04-08T23:40:55.193404	8095	3ed04f01	radical	4	keep	0.1296	1.3	1.5	452	128	40	0.486	[radical] S4/MASS_MANAGEMENT: max_steps: 2071 -> 2508; survival: 0.0270 -> 0.0285; starvation_penalty: 0.1694 -> 0.2697; gamma: 0.9916 -> 0.9825
2026-04-08T23:40:58.208555	8096	064b7379	explore	5	discard	-0.0135	1.3	1.3	452	128	40	0.486	[explore] S5/MASTERY_SURVIVAL: kill_opportunity_reward: 10.5263 -> 13.9932; wall_proximity_penalty: 0.3813 -> 0.4407; length_bonus: 0.0061 -> 0.0066
2026-04-08T23:41:01.205584	8097	c8636c2b	radical	5	discard	-0.0135	1.3	1.3	452	128	40	0.486	[radical] S5/MASTERY_SURVIVAL: length_bonus: 0.0061 -> 0.0033; wall_proximity_penalty: 0.3813 -> 0.2981; starvation_grace_steps: 138 -> 127; food_reward: 3.8784 -> 2.9086
2026-04-08T23:41:04.194448	8098	016766a3	radical	5	discard	-0.0135	1.3	1.3	452	128	40	0.486	[radical] S5/MASTERY_SURVIVAL: enemy_proximity_penalty: 1.7712 -> 2.2765; food_reward: 3.8784 -> 3.6763; death_wall: -23.6640 -> -30.1662; food_shaping: 0.0927 -> 0.1319; enemy_zone_control_reward: 0.0659 -> 0.0584
2026-04-08T23:41:07.486374	8099	b925381a	radical	4	keep	0.1296	1.3	1.5	452	128	40	0.486	[radical] S4/MASS_MANAGEMENT: boost_penalty: 0.3093 -> 0.1554; survival: 0.0285 -> 0.0229; survival_escalation: 0.0100 -> 0.0048; mass_loss_penalty: 2.3616 -> 3.3627
2026-04-08T23:41:10.481854	8100	1ee03643	explore	3	discard	-0.1204	1.3	1.1	452	128	40	0.486	[explore] S3/ENEMY_AVOID: enemy_approach_penalty: 0.8866 -> 0.9210; death_wall: -5.2937 -> -5.0000; starvation_grace_steps: 48 -> 59
2026-04-08T23:41:13.447166	8101	3d213248	tweak	3	discard	-0.1204	1.3	1.1	452	128	40	0.486	[tweak] S3/ENEMY_AVOID: starvation_penalty: 0.0014 -> 0.0012
2026-04-08T23:42:16.829826	8103	c89e2b4e	radical	3	discard	-0.1204	1.3	1.1	452	128	40	0.486	[radical] S3/ENEMY_AVOID: death_wall: -5.2937 -> -6.8900; gamma: 0.9291 -> 0.9232; enemy_alert_dist: 2395 -> 2572; survival: 0.3055 -> 0.2749; food_shaping: 0.0900 -> 0.0624
2026-04-08T23:42:20.065370	8104	5dcb7fe1	tweak	2	keep	0.3796	1.5	2.1	452	128	40	0.486	[tweak] S2/WALL_AVOID: death_wall: -56.0775 -> -51.3737
2026-04-08T23:42:23.049202	8105	db59e19e	tweak	3	discard	-0.1204	1.3	1.1	452	128	40	0.486	[tweak] S3/ENEMY_AVOID: starvation_grace_steps: 48 -> 46
2026-04-08T23:42:26.046290	8106	882a2bf6	explore	5	discard	-0.0135	1.3	1.3	452	128	40	0.486	[explore] S5/MASTERY_SURVIVAL: wall_proximity_penalty: 0.3813 -> 0.5034; enemy_proximity_penalty: 1.7712 -> 1.4359; kill_opportunity_reward: 10.5263 -> 12.3101
2026-04-08T23:42:29.297137	8107	278abce4	tweak	1	keep	0.1265	1.3	1.5	452	128	40	0.486	[tweak] S1/FOOD_VECTOR: max_steps: 116 -> 106
2026-04-08T23:42:32.550527	8108	420a8506	radical	1	keep	0.1265	1.3	1.5	452	128	40	0.486	[radical] S1/FOOD_VECTOR: death_wall: -13.4463 -> -15.4063; death_snake: -16.3891 -> -17.3990; food_shaping: 0.0294 -> 0.0181; survival: 0.0183 -> 0.0106
2026-04-08T23:42:35.820053	8109	edca16d7	explore	1	keep	0.1265	1.3	1.5	452	128	40	0.486	[explore] S1/FOOD_VECTOR: death_wall: -15.4063 -> -16.4078; survival: 0.0106 -> 0.0122; gamma: 0.8000 -> 0.8111
2026-04-08T23:42:38.793700	8110	187be86c	tweak	3	discard	-0.1204	1.3	1.1	452	128	40	0.486	[tweak] S3/ENEMY_AVOID: food_shaping: 0.0900 -> 0.1051
2026-04-08T23:42:42.061904	8111	5a6bbbaf	tweak	2	keep	0.3796	1.5	2.1	452	128	40	0.486	[tweak] S2/WALL_AVOID: starvation_grace_steps: 84 -> 75
2026-04-08T23:42:45.337318	8112	29278f72	explore	4	keep	0.1296	1.3	1.5	452	128	40	0.486	[explore] S4/MASS_MANAGEMENT: survival_escalation: 0.0048 -> 0.0061; survival: 0.0229 -> 0.0288; wall_proximity_penalty: 0.1185 -> 0.1575
2026-04-08T23:42:48.603121	8113	b4c1f4d1	explore	2	keep	0.3796	1.5	2.1	452	128	40	0.486	[explore] S2/WALL_AVOID: death_wall: -51.3737 -> -48.2500; survival_escalation: 0.0002 -> 0.0003; starvation_grace_steps: 75 -> 91
2026-04-08T23:42:51.599015	8114	f671a96d	tweak	3	discard	-0.1204	1.3	1.1	452	128	40	0.486	[tweak] S3/ENEMY_AVOID: starvation_penalty: 0.0014 -> 0.0015
2026-04-08T23:42:54.602713	8115	c67b2753	explore	5	discard	-0.0135	1.3	1.3	452	128	40	0.486	[explore] S5/MASTERY_SURVIVAL: survival: 0.0794 -> 0.1016; death_wall: -23.6640 -> -27.4283; survival_escalation: 0.0019 -> 0.0022
2026-04-08T23:42:57.605862	8116	a5c96282	radical	5	discard	-0.0135	1.3	1.3	452	128	40	0.486	[radical] S5/MASTERY_SURVIVAL: contest_food_reward: 0.9186 -> 1.0928; kill_opportunity_reward: 10.5263 -> 8.6471; starvation_penalty: 0.0116 -> 0.0181; enemy_approach_penalty: 0.1034 -> 0.1497
2026-04-08T23:43:00.568886	8117	959907b6	tweak	3	discard	-0.1204	1.3	1.1	452	128	40	0.486	[tweak] S3/ENEMY_AVOID: starvation_grace_steps: 48 -> 43
2026-04-08T23:43:03.858733	8118	ec84eaeb	tweak	4	keep	0.1296	1.3	1.5	452	128	40	0.486	[tweak] S4/MASS_MANAGEMENT: death_snake: -81.2232 -> -87.1304
2026-04-08T23:43:07.149767	8119	76527d59	explore	1	keep	0.1265	1.3	1.5	452	128	40	0.486	[explore] S1/FOOD_VECTOR: gamma: 0.8111 -> 0.8000; food_reward: 1.8249 -> 1.4815; max_steps: 106 -> 100
2026-04-08T23:43:10.430403	8120	55731807	tweak	2	keep	0.3796	1.5	2.1	452	128	40	0.486	[tweak] S2/WALL_AVOID: starvation_grace_steps: 91 -> 94
2026-04-08T23:43:13.429066	8121	09b1ae71	explore	3	discard	-0.1204	1.3	1.1	452	128	40	0.486	[explore] S3/ENEMY_AVOID: death_wall: -5.2937 -> -5.1636; max_steps: 842 -> 754; enemy_approach_penalty: 0.8866 -> 1.1796
2026-04-08T23:43:16.415462	8122	0b9a945d	tweak	3	discard	-0.1204	1.3	1.1	452	128	40	0.486	[tweak] S3/ENEMY_AVOID: starvation_penalty: 0.0014 -> 0.0012
2026-04-08T23:43:19.702129	8123	d976f96c	explore	4	keep	0.1296	1.3	1.5	452	128	40	0.486	[explore] S4/MASS_MANAGEMENT: enemy_alert_dist: 4000 -> 3240; starvation_penalty: 0.2697 -> 0.1490; mass_loss_penalty: 3.3627 -> 4.5500
2026-04-08T23:43:22.981476	8124	e2d3d55c	radical	2	keep	0.3796	1.5	2.1	452	128	40	0.486	[radical] S2/WALL_AVOID: survival_escalation: 0.0003 -> 0.0004; max_steps: 179 -> 220; food_shaping: 0.0625 -> 0.0937; starvation_penalty: 0.0577 -> 0.0845; gamma: 0.9027 -> 0.8980
2026-04-08T23:43:26.270319	8125	159d7a6b	radical	4	keep	0.1296	1.3	1.5	452	128	40	0.486	[radical] S4/MASS_MANAGEMENT: max_steps: 2508 -> 2452; food_reward: 3.9337 -> 2.4302; survival_escalation: 0.0061 -> 0.0040; survival: 0.0288 -> 0.0382
2026-04-08T23:43:29.266993	8126	d4670a50	radical	3	discard	-0.1204	1.3	1.1	452	128	40	0.486	[radical] S3/ENEMY_AVOID: starvation_penalty: 0.0014 -> 0.0012; food_shaping: 0.0900 -> 0.0733; starvation_grace_steps: 48 -> 52; death_snake: -42.1862 -> -56.2154; survival: 0.3055 -> 0.1810
2026-04-08T23:45:32.988347	8129	cf7be6a9	tweak	5	discard	-0.0135	1.3	1.3	452	128	40	0.486	[tweak] S5/MASTERY_SURVIVAL: no effective changes
2026-04-08T23:45:36.218824	8130	cb90d88c	radical	1	keep	0.1265	1.3	1.5	452	128	40	0.486	[radical] S1/FOOD_VECTOR: food_reward: 1.4815 -> 1.6362; wall_proximity_penalty: 0.0022 -> 0.0023; gamma: 0.8000 -> 0.8198; death_snake: -17.3990 -> -19.1978; survival: 0.0122 -> 0.0158
2026-04-08T23:45:39.435218	8131	ad52aff7	tweak	1	keep	0.1265	1.3	1.5	452	128	40	0.486	[tweak] S1/FOOD_VECTOR: wall_proximity_penalty: 0.0023 -> 0.0026
2026-04-08T23:46:43.067921	8133	e72f6f01	explore	1	keep	0.1265	1.3	1.5	452	128	40	0.486	[explore] S1/FOOD_VECTOR: death_wall: -16.4078 -> -17.5774; wall_proximity_penalty: 0.0026 -> 0.0022; food_shaping: 0.0181 -> 0.0142
2026-04-08T23:46:46.308784	8134	c03028d3	explore	2	keep	0.3796	1.5	2.1	452	128	40	0.486	[explore] S2/WALL_AVOID: food_reward: 1.2557 -> 1.4129; starvation_grace_steps: 94 -> 77; wall_proximity_penalty: 0.0181 -> 0.0215
2026-04-08T23:46:49.276512	8135	3f6513d5	explore	5	discard	-0.0135	1.3	1.3	452	128	40	0.486	[explore] S5/MASTERY_SURVIVAL: max_steps: 4035 -> 4636; boost_penalty: 6.0475 -> 4.1043; survival: 0.0794 -> 0.0950
2026-04-08T23:46:52.510538	8136	ea76f089	radical	2	keep	0.3796	1.5	2.1	452	128	40	0.486	[radical] S2/WALL_AVOID: death_wall: -48.2500 -> -40.8001; starvation_penalty: 0.0845 -> 0.0557; gamma: 0.8980 -> 0.8899; death_snake: -44.8846 -> -51.3112; max_steps: 220 -> 192
2026-04-08T23:47:56.171793	8138	a245ace8	radical	1	keep	0.1265	1.3	1.5	452	128	40	0.486	[radical] S1/FOOD_VECTOR: max_steps: 100 -> 109; death_wall: -17.5774 -> -20.7305; survival: 0.0158 -> 0.0157; food_reward: 1.6362 -> 1.0000; wall_proximity_penalty: 0.0022 -> 0.0018
2026-04-08T23:47:59.478665	8139	1846bc9e	radical	1	keep	0.1265	1.3	1.5	452	128	40	0.486	[radical] S1/FOOD_VECTOR: food_reward: 1.0000 -> 1.3623; survival: 0.0157 -> 0.0129; food_shaping: 0.0142 -> 0.0069; gamma: 0.8198 -> 0.8425; wall_proximity_penalty: 0.0018 -> 0.0025
2026-04-08T23:48:02.468057	8140	3fad2f50	tweak	5	discard	-0.0135	1.3	1.3	452	128	40	0.486	[tweak] S5/MASTERY_SURVIVAL: survival_escalation: 0.0019 -> 0.0021
2026-04-08T23:48:05.703926	8141	7309e9e3	explore	2	keep	0.3796	1.5	2.1	452	128	40	0.486	[explore] S2/WALL_AVOID: survival: 0.0700 -> 0.0859; wall_proximity_penalty: 0.0215 -> 0.0154; food_shaping: 0.0937 -> 0.0906
2026-04-08T23:49:09.344079	8143	3679bb6f	explore	4	keep	0.1296	1.3	1.5	452	128	40	0.486	[explore] S4/MASS_MANAGEMENT: food_reward: 2.4302 -> 1.8627; survival_escalation: 0.0040 -> 0.0022; gamma: 0.9825 -> 0.9950
2026-04-08T23:49:12.609388	8144	a2b6720c	tweak	4	keep	0.1296	1.3	1.5	452	128	40	0.486	[tweak] S4/MASS_MANAGEMENT: length_bonus: 0.0300 -> 0.0349
2026-04-08T23:49:15.870228	8145	953a3698	explore	2	keep	0.3796	1.5	2.1	452	128	40	0.486	[explore] S2/WALL_AVOID: food_shaping: 0.0906 -> 0.0664; wall_proximity_penalty: 0.0154 -> 0.0205; death_wall: -40.8001 -> -32.2903
2026-04-08T23:49:19.109641	8146	269eaaf4	tweak	2	keep	0.3796	1.5	2.1	452	128	40	0.486	[tweak] S2/WALL_AVOID: starvation_penalty: 0.0557 -> 0.0481
2026-04-08T23:50:22.760956	8148	e04bde5a	explore	4	keep	0.1296	1.3	1.5	452	128	40	0.486	[explore] S4/MASS_MANAGEMENT: survival: 0.0382 -> 0.0271; max_steps: 2452 -> 2139; wall_proximity_penalty: 0.1575 -> 0.1564
2026-04-08T23:50:26.023350	8149	46756f15	explore	2	keep	0.3796	1.5	2.1	452	128	40	0.486	[explore] S2/WALL_AVOID: max_steps: 192 -> 156; food_reward: 1.4129 -> 1.1111; starvation_grace_steps: 77 -> 98
2026-04-08T23:50:29.293683	8150	54af0c64	explore	2	keep	0.3796	1.5	2.1	452	128	40	0.486	[explore] S2/WALL_AVOID: food_reward: 1.1111 -> 1.2290; food_shaping: 0.0664 -> 0.0870; death_wall: -32.2903 -> -35.6606
2026-04-08T23:50:32.574019	8151	1b8334ca	radical	1	keep	0.1265	1.3	1.5	452	128	40	0.486	[radical] S1/FOOD_VECTOR: max_steps: 109 -> 134; wall_proximity_penalty: 0.0025 -> 0.0033; gamma: 0.8425 -> 0.8396; death_wall: -20.7305 -> -23.3460; death_snake: -19.1978 -> -25.5914
2026-04-08T23:50:35.849521	8152	1fcfc932	explore	1	keep	0.1265	1.3	1.5	452	128	40	0.486	[explore] S1/FOOD_VECTOR: death_wall: -23.3460 -> -28.5910; survival: 0.0129 -> 0.0114; food_reward: 1.3623 -> 1.6138
2026-04-08T23:50:39.121668	8153	2e174a60	radical	4	keep	0.1296	1.3	1.5	452	128	40	0.486	[radical] S4/MASS_MANAGEMENT: death_snake: -87.1304 -> -100.0000; enemy_proximity_penalty: 5.0000 -> 4.3769; enemy_alert_dist: 3240 -> 2241; death_wall: -38.4919 -> -27.7760; survival: 0.0271 -> 0.0235
2026-04-08T23:50:42.105115	8154	78f95152	radical	3	discard	-0.1204	1.3	1.1	452	128	40	0.486	[radical] S3/ENEMY_AVOID: starvation_grace_steps: 48 -> 64; max_steps: 842 -> 714; boost_penalty: 0.0756 -> 0.0348; enemy_alert_dist: 2395 -> 2829; food_shaping: 0.0900 -> 0.0896
2026-04-08T23:50:45.336731	8155	9d21a904	explore	2	keep	0.3796	1.5	2.1	452	128	40	0.486	[explore] S2/WALL_AVOID: gamma: 0.8899 -> 0.8929; starvation_grace_steps: 98 -> 82; death_snake: -51.3112 -> -62.6609
2026-04-08T23:50:48.300164	8156	83bbbc23	tweak	5	discard	-0.0135	1.3	1.3	452	128	40	0.486	[tweak] S5/MASTERY_SURVIVAL: food_shaping: 0.0927 -> 0.1076
2026-04-08T23:50:51.559446	8157	a5117bf4	explore	4	keep	0.1296	1.3	1.5	452	128	40	0.486	[explore] S4/MASS_MANAGEMENT: food_shaping: 0.0900 -> 0.0569; enemy_approach_penalty: 0.0310 -> 0.0326; survival: 0.0235 -> 0.0287
2026-04-08T23:51:55.179968	8159	eb8a52f7	explore	4	keep	0.1296	1.3	1.5	452	128	40	0.486	[explore] S4/MASS_MANAGEMENT: enemy_approach_penalty: 0.0326 -> 0.0454; mass_loss_penalty: 4.5500 -> 3.8794
2026-04-08T23:51:58.444757	8160	fa2c460c	tweak	1	keep	0.1265	1.3	1.5	452	128	40	0.486	[tweak] S1/FOOD_VECTOR: food_shaping: 0.0069 -> 0.0058
2026-04-08T23:55:02.811730	8164	39f4776b	tweak	4	keep	0.1296	1.3	1.5	452	128	40	0.486	[tweak] S4/MASS_MANAGEMENT: enemy_alert_dist: 2241 -> 2413
2026-04-08T23:55:06.085525	8165	789f56e7	radical	2	keep	0.3796	1.5	2.1	452	128	40	0.486	[radical] S2/WALL_AVOID: food_reward: 1.2290 -> 1.0000; death_wall: -35.6606 -> -39.8839; max_steps: 156 -> 164; survival_escalation: 0.0004 -> 0.0007; wall_proximity_penalty: 0.0205 -> 0.0141
2026-04-08T23:55:09.362715	8166	c48a26cd	tweak	2	keep	0.3796	1.5	2.1	452	128	40	0.486	[tweak] S2/WALL_AVOID: survival: 0.0859 -> 0.0876
2026-04-08T23:55:12.344418	8167	12402725	radical	3	discard	-0.1204	1.3	1.1	452	128	40	0.486	[radical] S3/ENEMY_AVOID: death_snake: -42.1862 -> -43.2411; food_reward: 3.7535 -> 3.3581; food_shaping: 0.0900 -> 0.1174; enemy_approach_penalty: 0.8866 -> 1.2858; enemy_proximity_penalty: 1.1236 -> 1.3521
2026-04-08T23:55:15.603675	8168	cb2de18d	tweak	4	keep	0.1296	1.3	1.5	452	128	40	0.486	[tweak] S4/MASS_MANAGEMENT: no effective changes
2026-04-08T23:55:18.844547	8169	47973464	tweak	2	keep	0.3796	1.5	2.1	452	128	40	0.486	[tweak] S2/WALL_AVOID: gamma: 0.8929 -> 0.9061
2026-04-08T23:55:21.816910	8170	d1c335ad	radical	5	discard	-0.0135	1.3	1.3	452	128	40	0.486	[radical] S5/MASTERY_SURVIVAL: enemy_zone_control_reward: 0.0659 -> 0.1068; mass_loss_penalty: 1.8905 -> 1.6037; length_bonus: 0.0061 -> 0.0106; boost_penalty: 6.0475 -> 6.0243; food_shaping: 0.0927 -> 0.1280
2026-04-08T23:56:25.486004	8172	10414f92	radical	4	keep	0.1296	1.3	1.5	452	128	40	0.486	[radical] S4/MASS_MANAGEMENT: starvation_grace_steps: 14 -> 12; survival_escalation: 0.0022 -> 0.0034; survival: 0.0287 -> 0.0332; food_shaping: 0.0569 -> 0.0643; max_steps: 2139 -> 2280
2026-04-08T23:56:28.765877	8173	20e5b4af	tweak	1	keep	0.1265	1.3	1.5	452	128	40	0.486	[tweak] S1/FOOD_VECTOR: death_wall: -28.5910 -> -26.6051
2026-04-08T23:57:32.436236	8175	eaf48b1d	radical	4	keep	0.1296	1.3	1.5	452	128	40	0.486	[radical] S4/MASS_MANAGEMENT: survival_escalation: 0.0034 -> 0.0059; death_wall: -27.7760 -> -17.5211; food_reward: 1.8627 -> 2.0572; length_bonus: 0.0349 -> 0.0517; enemy_proximity_penalty: 4.3769 -> 5.0000
2026-04-08T23:58:36.075840	8177	6a151f8d	radical	4	keep	0.1296	1.3	1.5	452	128	40	0.486	[radical] S4/MASS_MANAGEMENT: mass_loss_penalty: 3.8794 -> 5.4927; enemy_approach_penalty: 0.0454 -> 0.0663; starvation_grace_steps: 12 -> 13; survival: 0.0332 -> 0.0265; food_shaping: 0.0643 -> 0.0685
2026-04-08T23:58:39.347653	8178	5f7890d7	radical	1	keep	0.1265	1.3	1.5	452	128	40	0.486	[radical] S1/FOOD_VECTOR: survival: 0.0114 -> 0.0111; death_wall: -26.6051 -> -20.4180; death_snake: -25.5914 -> -33.5566; food_reward: 1.6138 -> 1.2267; food_shaping: 0.0058 -> 0.0044
2026-04-08T23:58:42.602767	8179	6b0ce5e4	radical	1	keep	0.1265	1.3	1.5	452	128	40	0.486	[radical] S1/FOOD_VECTOR: death_wall: -20.4180 -> -15.1562; food_reward: 1.2267 -> 1.0000; survival: 0.0111 -> 0.0117; max_steps: 134 -> 126; gamma: 0.8396 -> 0.8350
2026-04-08T23:58:45.877729	8180	4f6d9bc5	explore	4	keep	0.1296	1.3	1.5	452	128	40	0.486	[explore] S4/MASS_MANAGEMENT: survival: 0.0265 -> 0.0269; wall_proximity_penalty: 0.1564 -> 0.1851; starvation_penalty: 0.1490 -> 0.1131
2026-04-08T23:58:49.134782	8181	265a8fda	tweak	1	keep	0.1265	1.3	1.5	452	128	40	0.486	[tweak] S1/FOOD_VECTOR: food_reward: 1.0000 -> 1.0883
2026-04-08T23:58:52.097940	8182	fba379d0	tweak	3	discard	-0.1204	1.3	1.1	452	128	40	0.486	[tweak] S3/ENEMY_AVOID: max_steps: 842 -> 873
2026-04-08T23:58:55.352759	8183	b793c277	radical	4	keep	0.1296	1.3	1.5	452	128	40	0.486	[radical] S4/MASS_MANAGEMENT: enemy_approach_penalty: 0.0663 -> 0.0678; starvation_grace_steps: 13 -> 18; death_snake: -100 -> -91.57923993793577; boost_penalty: 0.1554 -> 0.1213; survival_escalation: 0.0059 -> 0.0079
2026-04-08T23:58:58.625919	8184	3725d00a	tweak	2	keep	0.3796	1.5	2.1	452	128	40	0.486	[tweak] S2/WALL_AVOID: food_shaping: 0.0870 -> 0.0923
2026-04-08T23:59:01.911163	8185	d47079e9	explore	4	keep	0.1296	1.3	1.5	452	128	40	0.486	[explore] S4/MASS_MANAGEMENT: wall_proximity_penalty: 0.1851 -> 0.1745; max_steps: 2280 -> 2137; enemy_alert_dist: 2413 -> 2573
2026-04-09T00:00:05.548914	8187	f3fa6325	explore	1	keep	0.1265	1.3	1.5	452	128	40	0.486	[explore] S1/FOOD_VECTOR: max_steps: 126 -> 134; food_reward: 1.0883 -> 1.2923; gamma: 0.8350 -> 0.8541
2026-04-09T00:00:08.532162	8188	11ebe6fa	tweak	3	discard	-0.1204	1.3	1.1	452	128	40	0.486	[tweak] S3/ENEMY_AVOID: boost_penalty: 0.0756 -> 0.0840
2026-04-09T00:00:11.804293	8189	db8de6fd	radical	1	keep	0.1265	1.3	1.5	452	128	40	0.486	[radical] S1/FOOD_VECTOR: max_steps: 134 -> 166; death_snake: -33.5566 -> -28.4589; death_wall: -15.1562 -> -9.6877; survival: 0.0117 -> 0.0134; food_shaping: 0.0044 -> 0.0042
2026-04-09T00:00:15.056857	8190	2f33818f	tweak	1	keep	0.1265	1.3	1.5	452	128	40	0.486	[tweak] S1/FOOD_VECTOR: food_shaping: 0.0042 -> 0.0036
2026-04-09T00:01:18.441317	8192	88032882	explore	3	discard	-0.1204	1.3	1.1	452	128	40	0.486	[explore] S3/ENEMY_AVOID: death_wall: -5.2937 -> -6.1108; enemy_proximity_penalty: 1.1236 -> 0.8675; gamma: 0.9291 -> 0.9123
2026-04-09T00:01:21.420139	8193	d4779e6b	radical	3	discard	-0.1204	1.3	1.1	452	128	40	0.486	[radical] S3/ENEMY_AVOID: max_steps: 842 -> 1054; food_reward: 3.7535 -> 3.0811; death_wall: -5.2937 -> -5.4418; enemy_alert_dist: 2395 -> 2739; death_snake: -42.1862 -> -38.9370
2026-04-09T00:01:24.709280	8194	a152affe	radical	4	keep	0.1296	1.3	1.5	452	128	40	0.486	[radical] S4/MASS_MANAGEMENT: mass_loss_penalty: 5.4927 -> 7.6556; enemy_alert_dist: 2573 -> 2132; death_wall: -17.5211 -> -20.3244; food_reward: 2.0572 -> 1.8879; death_snake: -91.5792 -> -75.5758
2026-04-09T00:01:27.961470	8195	3e078531	explore	1	keep	0.1265	1.3	1.5	452	128	40	0.486	[explore] S1/FOOD_VECTOR: survival: 0.0134 -> 0.0149; food_reward: 1.2923 -> 1.4393; max_steps: 166 -> 180
2026-04-09T00:03:31.997118	8198	242bd5d1	radical	4	keep	0.1296	1.3	1.5	452	128	40	0.486	[radical] S4/MASS_MANAGEMENT: boost_penalty: 0.1213 -> 0.0891; starvation_penalty: 0.1131 -> 0.1540; starvation_grace_steps: 18 -> 21; food_reward: 1.8879 -> 1.7455; mass_loss_penalty: 7.6556 -> 9.1851
2026-04-09T00:03:35.285226	8199	34753279	tweak	1	keep	0.1265	1.3	1.5	452	128	40	0.486	[tweak] S1/FOOD_VECTOR: death_wall: -9.6877 -> -10.0912
2026-04-09T00:03:38.568528	8200	0fa27e31	radical	1	keep	0.1265	1.3	1.5	452	128	40	0.486	[radical] S1/FOOD_VECTOR: gamma: 0.8541 -> 0.8739; max_steps: 180 -> 142; death_snake: -28.4589 -> -25.6261; death_wall: -10.0912 -> -8.6668; food_shaping: 0.0036 -> 0.0053
2026-04-09T00:03:41.549071	8201	eeea97b9	tweak	3	discard	-0.1204	1.3	1.1	452	128	40	0.486	[tweak] S3/ENEMY_AVOID: enemy_approach_penalty: 0.8866 -> 0.9583
2026-04-09T00:03:44.814541	8202	e1ce5402	tweak	1	keep	0.1265	1.3	1.5	452	128	40	0.486	[tweak] S1/FOOD_VECTOR: death_snake: -25.6261 -> -27.8526
2026-04-09T00:03:48.089064	8203	269d06bf	explore	1	keep	0.1265	1.3	1.5	452	128	40	0.486	[explore] S1/FOOD_VECTOR: death_snake: -27.8526 -> -27.4928; survival: 0.0149 -> 0.0166; food_reward: 1.4393 -> 1.3481
2026-04-09T00:03:51.346173	8204	a224ad21	radical	1	keep	0.1265	1.3	1.5	452	128	40	0.486	[radical] S1/FOOD_VECTOR: max_steps: 142 -> 149; survival: 0.0166 -> 0.0216; death_snake: -27.4928 -> -36.5094; food_shaping: 0.0053 -> 0.0027; gamma: 0.8739 -> 0.9072
2026-04-09T00:04:54.716818	8206	5bb366c1	explore	5	discard	-0.0135	1.3	1.3	452	128	40	0.486	[explore] S5/MASTERY_SURVIVAL: survival: 0.0794 -> 0.0963; survival_escalation: 0.0019 -> 0.0027; mass_loss_penalty: 1.8905 -> 1.1975
2026-04-09T00:04:57.998889	8207	cef9c825	explore	1	keep	0.1265	1.3	1.5	452	128	40	0.486	[explore] S1/FOOD_VECTOR: wall_proximity_penalty: 0.0033 -> 0.0043; food_reward: 1.3481 -> 1.7078; death_snake: -36.5094 -> -44.7716
2026-04-09T00:05:00.987999	8208	88748d2b	tweak	5	discard	-0.0135	1.3	1.3	452	128	40	0.486	[tweak] S5/MASTERY_SURVIVAL: starvation_penalty: 0.0116 -> 0.0137
2026-04-09T00:06:04.350634	8210	31ef6aea	explore	5	discard	-0.0135	1.3	1.3	452	128	40	0.486	[explore] S5/MASTERY_SURVIVAL: food_reward: 3.8784 -> 3.7167; kill_opportunity_reward: 10.5263 -> 7.7337; survival_escalation: 0.0019 -> 0.0013
2026-04-09T00:06:07.622437	8211	37280e94	radical	2	keep	0.3796	1.5	2.1	452	128	40	0.486	[radical] S2/WALL_AVOID: death_snake: -62.6609 -> -54.1786; wall_proximity_penalty: 0.0141 -> 0.0089; gamma: 0.9061 -> 0.8901; food_shaping: 0.0923 -> 0.0961; survival: 0.0876 -> 0.0848
2026-04-09T00:06:10.891034	8212	b500983b	explore	4	keep	0.1296	1.3	1.5	452	128	40	0.486	[explore] S4/MASS_MANAGEMENT: survival_escalation: 0.0079 -> 0.0081; food_shaping: 0.0685 -> 0.0427; wall_proximity_penalty: 0.1745 -> 0.2268
2026-04-09T00:09:15.295614	8216	02f57c9c	radical	1	keep	0.1265	1.3	1.5	452	128	40	0.486	[radical] S1/FOOD_VECTOR: max_steps: 149 -> 113; food_reward: 1.7078 -> 1.2265; wall_proximity_penalty: 0.0043 -> 0.0023; death_wall: -8.6668 -> -8.1141; death_snake: -44.7716 -> -51.9557
2026-04-09T00:09:18.584109	8217	a945835c	tweak	1	keep	0.1265	1.3	1.5	452	128	40	0.486	[tweak] S1/FOOD_VECTOR: wall_proximity_penalty: 0.0023 -> 0.0024
2026-04-09T00:09:21.874965	8218	bc089a94	tweak	1	keep	0.1265	1.3	1.5	452	128	40	0.486	[tweak] S1/FOOD_VECTOR: survival: 0.0216 -> 0.0231
2026-04-09T00:09:24.883065	8219	b8178650	radical	5	discard	-0.0135	1.3	1.3	452	128	40	0.486	[radical] S5/MASTERY_SURVIVAL: death_wall: -23.6640 -> -16.9417; food_shaping: 0.0927 -> 0.0472; kill_opportunity_reward: 10.5263 -> 8.8801; survival_escalation: 0.0019 -> 0.0029; enemy_proximity_penalty: 1.7712 -> 2.4770
2026-04-09T00:09:27.865489	8220	f87b6752	tweak	3	discard	-0.1204	1.3	1.1	452	128	40	0.486	[tweak] S3/ENEMY_AVOID: food_reward: 3.7535 -> 3.3387
2026-04-09T00:09:30.858038	8221	2b4d17bb	explore	3	discard	-0.1204	1.3	1.1	452	128	40	0.486	[explore] S3/ENEMY_AVOID: starvation_grace_steps: 48 -> 59; enemy_alert_dist: 2395 -> 2071; boost_penalty: 0.0756 -> 0.0739
2026-04-09T00:09:34.127729	8222	5ab3f479	explore	2	keep	0.3796	1.5	2.1	452	128	40	0.486	[explore] S2/WALL_AVOID: starvation_penalty: 0.0481 -> 0.0375; food_shaping: 0.0961 -> 0.0829; survival_escalation: 0.0007 -> 0.0007
2026-04-09T00:09:37.122382	8223	cfc5cb69	explore	5	discard	-0.0135	1.3	1.3	452	128	40	0.486	[explore] S5/MASTERY_SURVIVAL: starvation_penalty: 0.0116 -> 0.0167; enemy_alert_dist: 1329 -> 1479
2026-04-09T00:09:40.371489	8224	48fa49db	tweak	2	keep	0.3796	1.5	2.1	452	128	40	0.486	[tweak] S2/WALL_AVOID: gamma: 0.8901 -> 0.8856
2026-04-09T00:09:43.367978	8225	0e0b1a16	tweak	3	discard	-0.1204	1.3	1.1	452	128	40	0.486	[tweak] S3/ENEMY_AVOID: boost_penalty: 0.0756 -> 0.0751
2026-04-09T00:09:46.630436	8226	d2b6aa08	radical	1	keep	0.1265	1.3	1.5	452	128	40	0.486	[radical] S1/FOOD_VECTOR: survival: 0.0231 -> 0.0176; food_shaping: 0.0027 -> 0.0021; gamma: 0.9072 -> 0.9070; death_wall: -8.1141 -> -5.3057; food_reward: 1.2265 -> 1.0000
2026-04-09T00:09:49.594875	8227	e4890cba	radical	5	discard	-0.0135	1.3	1.3	452	128	40	0.486	[radical] S5/MASTERY_SURVIVAL: enemy_proximity_penalty: 1.7712 -> 2.0079; food_reward: 3.8784 -> 3.1338; enemy_approach_penalty: 0.1034 -> 0.1402; death_wall: -23.6640 -> -16.3670; max_steps: 4035 -> 4762
2026-04-09T00:09:52.886849	8228	e383c049	explore	1	keep	0.1265	1.3	1.5	452	128	40	0.486	[explore] S1/FOOD_VECTOR: death_wall: -5.3057 -> -5.0000; food_shaping: 0.0021 -> 0.0029; gamma: 0.9070 -> 0.8834
2026-04-09T00:09:55.877740	8229	33a4ba3a	explore	3	discard	-0.1204	1.3	1.1	452	128	40	0.486	[explore] S3/ENEMY_AVOID: death_snake: -42.1862 -> -34.0917; boost_penalty: 0.0756 -> 0.0561; food_reward: 3.7535 -> 4.3035
2026-04-09T00:09:59.156853	8230	bea5075a	radical	4	keep	0.1296	1.3	1.5	452	128	40	0.486	[radical] S4/MASS_MANAGEMENT: length_bonus: 0.0517 -> 0.0589; starvation_penalty: 0.1540 -> 0.2419; enemy_approach_penalty: 0.0678 -> 0.0838; max_steps: 2137 -> 1825; survival_escalation: 0.0081 -> 0.0078
2026-04-09T00:11:02.794990	8232	9f3a04bb	tweak	4	keep	0.1296	1.3	1.5	452	128	40	0.486	[tweak] S4/MASS_MANAGEMENT: food_reward: 1.7455 -> 1.8632
2026-04-09T00:11:06.069449	8233	983df023	explore	1	keep	0.1265	1.3	1.5	452	128	40	0.486	[explore] S1/FOOD_VECTOR: food_reward: 1.0000 -> 1.2521; max_steps: 113 -> 105; wall_proximity_penalty: 0.0024 -> 0.0025
2026-04-09T00:11:09.355802	8234	36a5b990	radical	4	keep	0.1296	1.3	1.5	452	128	40	0.486	[radical] S4/MASS_MANAGEMENT: length_bonus: 0.0589 -> 0.0270; food_shaping: 0.0427 -> 0.0328; survival_escalation: 0.0078 -> 0.0037; boost_penalty: 0.0891 -> 0.0537
2026-04-09T00:11:12.626915	8235	928d1667	tweak	1	keep	0.1265	1.3	1.5	452	128	40	0.486	[tweak] S1/FOOD_VECTOR: food_reward: 1.2521 -> 1.0716
2026-04-09T00:11:15.906129	8236	43b2c758	tweak	4	keep	0.1296	1.3	1.5	452	128	40	0.486	[tweak] S4/MASS_MANAGEMENT: food_reward: 1.8632 -> 1.6252
2026-04-09T00:12:19.220593	8238	e50ae555	explore	3	discard	-0.1204	1.3	1.1	452	128	40	0.486	[explore] S3/ENEMY_AVOID: food_shaping: 0.0900 -> 0.0619; enemy_approach_penalty: 0.8866 -> 1.0621; enemy_proximity_penalty: 1.1236 -> 1.0478
2026-04-09T00:12:22.207946	8239	2426cab1	radical	3	discard	-0.1204	1.3	1.1	452	128	40	0.486	[radical] S3/ENEMY_AVOID: survival: 0.3055 -> 0.1978; enemy_proximity_penalty: 1.1236 -> 0.9944; boost_penalty: 0.0756 -> 0.1196; max_steps: 842 -> 810; gamma: 0.9291 -> 0.9692
2026-04-09T00:12:25.457303	8240	068c3430	radical	2	keep	0.3796	1.5	2.1	452	128	40	0.486	[radical] S2/WALL_AVOID: wall_proximity_penalty: 0.0089 -> 0.0089; starvation_penalty: 0.0375 -> 0.0246; survival_escalation: 0.0007 -> 0.0005; death_snake: -54.1786 -> -37.7216; max_steps: 164 -> 122
2026-04-09T00:14:29.186268	8243	304322d2	tweak	3	discard	-0.1204	1.3	1.1	452	128	40	0.486	[tweak] S3/ENEMY_AVOID: gamma: 0.9291 -> 0.9300
2026-04-09T00:14:32.168645	8244	32209a92	tweak	3	discard	-0.1204	1.3	1.1	452	128	40	0.486	[tweak] S3/ENEMY_AVOID: starvation_penalty: 0.0014 -> 0.0012
2026-04-09T00:14:35.436157	8245	ced5831c	radical	2	keep	0.3796	1.5	2.1	452	128	40	0.486	[radical] S2/WALL_AVOID: food_shaping: 0.0829 -> 0.0673; starvation_penalty: 0.0246 -> 0.0340; death_snake: -37.7216 -> -31.5544; wall_proximity_penalty: 0.0089 -> 0.0133; starvation_grace_steps: 82 -> 60
2026-04-09T00:14:38.433486	8246	a3b3a80c	tweak	5	discard	-0.0135	1.3	1.3	452	128	40	0.486	[tweak] S5/MASTERY_SURVIVAL: starvation_penalty: 0.0116 -> 0.0129
2026-04-09T00:14:41.686352	8247	b23b23d5	tweak	2	keep	0.3796	1.5	2.1	452	128	40	0.486	[tweak] S2/WALL_AVOID: max_steps: 122 -> 112
2026-04-09T00:14:44.673446	8248	8a54a7f2	tweak	5	discard	-0.0135	1.3	1.3	452	128	40	0.486	[tweak] S5/MASTERY_SURVIVAL: kill_opportunity_reward: 10.5263 -> 9.1884
2026-04-09T00:14:47.934416	8249	4aa852c8	tweak	2	keep	0.3796	1.5	2.1	452	128	40	0.486	[tweak] S2/WALL_AVOID: survival: 0.0848 -> 0.0817
2026-04-09T00:16:51.956682	8252	000b0efe	radical	2	keep	0.3796	1.5	2.1	452	128	40	0.486	[radical] S2/WALL_AVOID: wall_proximity_penalty: 0.0133 -> 0.0203; death_snake: -31.5544 -> -31.9232; death_wall: -39.8839 -> -54.3278; max_steps: 112 -> 100
2026-04-09T00:16:54.954310	8253	1c524a10	radical	5	discard	-0.0135	1.3	1.3	452	128	40	0.486	[radical] S5/MASTERY_SURVIVAL: survival_escalation: 0.0019 -> 0.0021; death_snake: -31.6877 -> -20.2354; food_reward: 3.8784 -> 5.3300; death_wall: -23.6640 -> -22.0368; enemy_approach_penalty: 0.1034 -> 0.0786
2026-04-09T00:16:57.934295	8254	43d7693c	radical	5	discard	-0.0135	1.3	1.3	452	128	40	0.486	[radical] S5/MASTERY_SURVIVAL: food_shaping: 0.0927 -> 0.0936; contest_food_reward: 0.9186 -> 1.0944; food_reward: 3.8784 -> 4.1341; wall_proximity_penalty: 0.3813 -> 0.2339; length_bonus: 0.0061 -> 0.0034
2026-04-09T00:17:01.192516	8255	3eb5ac20	radical	1	keep	0.1265	1.3	1.5	452	128	40	0.486	[radical] S1/FOOD_VECTOR: death_wall: -5 -> -6.808232747650791; food_reward: 1.0716 -> 1.1812; death_snake: -51.9557 -> -46.3058; wall_proximity_penalty: 0.0025 -> 0.0032; food_shaping: 0.0029 -> 0.0025
2026-04-09T00:17:04.471182	8256	b1f121d1	explore	4	keep	0.1296	1.3	1.5	452	128	40	0.486	[explore] S4/MASS_MANAGEMENT: survival: 0.0269 -> 0.0269; enemy_approach_penalty: 0.0838 -> 0.0566; mass_loss_penalty: 9.1851 -> 9.6595
2026-04-09T00:17:07.480027	8257	f995d923	explore	5	discard	-0.0135	1.3	1.3	452	128	40	0.486	[explore] S5/MASTERY_SURVIVAL: starvation_grace_steps: 138 -> 172; death_snake: -31.6877 -> -31.7654; food_reward: 3.8784 -> 2.9725
2026-04-09T00:17:10.426548	8258	5fb89317	tweak	3	discard	-0.1204	1.3	1.1	452	128	40	0.486	[tweak] S3/ENEMY_AVOID: enemy_proximity_penalty: 1.1236 -> 1.2176
2026-04-09T00:17:13.429910	8259	a14d5d9c	explore	5	discard	-0.0135	1.3	1.3	452	128	40	0.486	[explore] S5/MASTERY_SURVIVAL: enemy_proximity_penalty: 1.7712 -> 1.1158; starvation_grace_steps: 138 -> 100; survival_escalation: 0.0019 -> 0.0016
2026-04-09T00:19:17.146965	8262	cf4e2020	explore	3	discard	-0.1204	1.3	1.1	452	128	40	0.486	[explore] S3/ENEMY_AVOID: enemy_proximity_penalty: 1.1236 -> 1.5191; max_steps: 842 -> 955; death_wall: -5.2937 -> -5.2211
2026-04-09T00:19:20.439922	8263	af9ab18f	explore	1	keep	0.1265	1.3	1.5	452	128	40	0.486	[explore] S1/FOOD_VECTOR: death_wall: -6.8082 -> -5.3478; food_shaping: 0.0025 -> 0.0024; wall_proximity_penalty: 0.0032 -> 0.0043
2026-04-09T00:19:23.415762	8264	ef73bfba	radical	3	discard	-0.1204	1.3	1.1	452	128	40	0.486	[radical] S3/ENEMY_AVOID: starvation_grace_steps: 48 -> 36; max_steps: 842 -> 637; enemy_proximity_penalty: 1.1236 -> 0.9087; survival: 0.3055 -> 0.1780; death_snake: -42.1862 -> -46.7210
2026-04-09T00:19:26.409613	8265	dd152ef0	radical	3	discard	-0.1204	1.3	1.1	452	128	40	0.486	[radical] S3/ENEMY_AVOID: food_reward: 3.7535 -> 3.7243; enemy_alert_dist: 2395 -> 2389; enemy_proximity_penalty: 1.1236 -> 0.7747; starvation_grace_steps: 48 -> 44; food_shaping: 0.0900 -> 0.1249
2026-04-09T00:19:29.692463	8266	9d4f2bc0	radical	4	keep	0.1296	1.3	1.5	452	128	40	0.486	[radical] S4/MASS_MANAGEMENT: wall_proximity_penalty: 0.2268 -> 0.1816; max_steps: 1825 -> 2121; starvation_grace_steps: 21 -> 17; food_reward: 1.6252 -> 1.2261; mass_loss_penalty: 9.6595 -> 6.9953
2026-04-09T00:19:32.678991	8267	44c6dab9	tweak	3	discard	-0.1204	1.3	1.1	452	128	40	0.486	[tweak] S3/ENEMY_AVOID: death_wall: -5.2937 -> -5.0000
2026-04-09T00:19:35.919302	8268	6967c0f8	tweak	1	keep	0.1265	1.3	1.5	452	128	40	0.486	[tweak] S1/FOOD_VECTOR: max_steps: 105 -> 115
2026-04-09T00:19:38.898708	8269	c6f03cb1	tweak	3	discard	-0.1204	1.3	1.1	452	128	40	0.486	[tweak] S3/ENEMY_AVOID: boost_penalty: 0.0756 -> 0.0662
2026-04-09T00:19:42.194181	8270	2e7fc83e	explore	1	keep	0.1265	1.3	1.5	452	128	40	0.486	[explore] S1/FOOD_VECTOR: survival: 0.0176 -> 0.0204; wall_proximity_penalty: 0.0043 -> 0.0028; food_reward: 1.1812 -> 1.4986
2026-04-09T00:19:45.441655	8271	27059dca	tweak	2	keep	0.3796	1.5	2.1	452	128	40	0.486	[tweak] S2/WALL_AVOID: starvation_penalty: 0.0340 -> 0.0350
2026-04-09T00:19:48.734905	8272	62cfe5f4	explore	2	keep	0.3796	1.5	2.1	452	128	40	0.486	[explore] S2/WALL_AVOID: food_shaping: 0.0673 -> 0.0672; survival_escalation: 0.0005 -> 0.0003; survival: 0.0817 -> 0.0893
2026-04-09T00:19:51.724858	8273	bb5d32c8	explore	3	discard	-0.1204	1.3	1.1	452	128	40	0.486	[explore] S3/ENEMY_AVOID: death_wall: -5.2937 -> -5.3491; max_steps: 842 -> 1006; starvation_grace_steps: 48 -> 40
2026-04-09T00:19:54.980791	8274	7c0d48ef	explore	1	keep	0.1265	1.3	1.5	452	128	40	0.486	[explore] S1/FOOD_VECTOR: food_reward: 1.4986 -> 1.4976; gamma: 0.8834 -> 0.9054; death_snake: -46.3058 -> -43.3596
2026-04-09T00:20:58.653175	8276	d870ab59	radical	1	keep	0.1265	1.3	1.5	452	128	40	0.486	[radical] S1/FOOD_VECTOR: death_snake: -43.3596 -> -51.4589; gamma: 0.9054 -> 0.8984; food_shaping: 0.0024 -> 0.0022; survival: 0.0204 -> 0.0245; death_wall: -5.3478 -> -7.1024
2026-04-09T00:21:01.915328	8277	d440d7e2	explore	1	keep	0.1265	1.3	1.5	452	128	40	0.486	[explore] S1/FOOD_VECTOR: death_snake: -51.4589 -> -40.6194; food_reward: 1.4976 -> 1.4944; wall_proximity_penalty: 0.0028 -> 0.0021
2026-04-09T00:22:05.589489	8279	e97fec61	explore	1	keep	0.1265	1.3	1.5	452	128	40	0.486	[explore] S1/FOOD_VECTOR: survival: 0.0245 -> 0.0248; death_snake: -40.6194 -> -44.7494; max_steps: 115 -> 134
2026-04-09T00:22:08.861823	8280	0864e693	tweak	4	keep	0.1296	1.3	1.5	452	128	40	0.486	[tweak] S4/MASS_MANAGEMENT: wall_proximity_penalty: 0.1816 -> 0.2140
2026-04-09T00:22:12.143561	8281	6f8a1045	tweak	4	keep	0.1296	1.3	1.5	452	128	40	0.486	[tweak] S4/MASS_MANAGEMENT: survival: 0.0269 -> 0.0258
2026-04-09T00:22:15.431252	8282	85f699ec	radical	4	keep	0.1296	1.3	1.5	452	128	40	0.486	[radical] S4/MASS_MANAGEMENT: food_reward: 1.2261 -> 1.2535; death_wall: -20.3244 -> -24.4243; mass_loss_penalty: 6.9953 -> 7.0693; food_shaping: 0.0328 -> 0.0297; survival_escalation: 0.0037 -> 0.0018
2026-04-09T00:22:18.712346	8283	0208f1c7	radical	1	keep	0.1265	1.3	1.5	452	128	40	0.486	[radical] S1/FOOD_VECTOR: survival: 0.0248 -> 0.0174; gamma: 0.8984 -> 0.9023; death_wall: -7.1024 -> -6.0972; food_shaping: 0.0022 -> 0.0027; wall_proximity_penalty: 0.0021 -> 0.0024
2026-04-09T00:22:21.992221	8284	a1d09db3	explore	4	keep	0.1296	1.3	1.5	452	128	40	0.486	[explore] S4/MASS_MANAGEMENT: death_snake: -75.5758 -> -87.3067; starvation_penalty: 0.2419 -> 0.1736; survival_escalation: 0.0018 -> 0.0026
2026-04-09T00:22:24.975391	8285	88c134bc	radical	3	discard	-0.1204	1.3	1.1	452	128	40	0.486	[radical] S3/ENEMY_AVOID: death_snake: -42.1862 -> -35.6713; death_wall: -5.2937 -> -5.3823; food_reward: 3.7535 -> 3.6096; food_shaping: 0.0900 -> 0.0839; enemy_alert_dist: 2395 -> 2205
2026-04-09T00:22:28.253704	8286	43240661	tweak	1	keep	0.1265	1.3	1.5	452	128	40	0.486	[tweak] S1/FOOD_VECTOR: food_shaping: 0.0027 -> 0.0023
2026-04-09T00:22:31.525568	8287	98aeebff	radical	4	keep	0.1296	1.3	1.5	452	128	40	0.486	[radical] S4/MASS_MANAGEMENT: survival_escalation: 0.0026 -> 0.0019; death_wall: -24.4243 -> -30.6555; survival: 0.0258 -> 0.0200; mass_loss_penalty: 7.0693 -> 4.3564; wall_proximity_penalty: 0.2140 -> 0.1558
2026-04-09T00:25:35.902156	8291	49f73ef5	radical	4	keep	0.1296	1.3	1.5	452	128	40	0.486	[radical] S4/MASS_MANAGEMENT: survival: 0.0200 -> 0.0219; length_bonus: 0.0270 -> 0.0132; food_shaping: 0.0297 -> 0.0382; enemy_approach_penalty: 0.0566 -> 0.0629
2026-04-09T00:25:39.183861	8292	690134e8	explore	2	keep	0.3796	1.5	2.1	452	128	40	0.486	[explore] S2/WALL_AVOID: wall_proximity_penalty: 0.0203 -> 0.0140; gamma: 0.8856 -> 0.8709; survival_escalation: 0.0003 -> 0.0003
2026-04-09T00:25:42.451944	8293	6e33942b	explore	4	keep	0.1296	1.3	1.5	452	128	40	0.486	[explore] S4/MASS_MANAGEMENT: wall_proximity_penalty: 0.1558 -> 0.1611; mass_loss_penalty: 4.3564 -> 3.6925; death_wall: -30.6555 -> -30.4996
2026-04-09T00:25:45.693820	8294	24333c02	tweak	1	keep	0.1265	1.3	1.5	452	128	40	0.486	[tweak] S1/FOOD_VECTOR: food_shaping: 0.0023 -> 0.0022
2026-04-09T00:26:49.303716	8296	602d16b4	tweak	4	keep	0.1296	1.3	1.5	452	128	40	0.486	[tweak] S4/MASS_MANAGEMENT: max_steps: 2121 -> 2256
2026-04-09T00:26:52.555672	8297	d12eadef	tweak	4	keep	0.1296	1.3	1.5	452	128	40	0.486	[tweak] S4/MASS_MANAGEMENT: starvation_penalty: 0.1736 -> 0.2097
2026-04-09T00:26:55.821127	8298	317348b0	radical	4	keep	0.1296	1.3	1.5	452	128	40	0.486	[radical] S4/MASS_MANAGEMENT: enemy_approach_penalty: 0.0629 -> 0.0510; enemy_alert_dist: 2132 -> 2118; death_snake: -87.3067 -> -100.0000; max_steps: 2256 -> 2451; food_shaping: 0.0382 -> 0.0422
2026-04-09T00:26:58.824491	8299	40113aeb	radical	3	discard	-0.1204	1.3	1.1	452	128	40	0.486	[radical] S3/ENEMY_AVOID: max_steps: 842 -> 997; enemy_alert_dist: 2395 -> 2449; starvation_penalty: 0.0014 -> 0.0019; enemy_proximity_penalty: 1.1236 -> 1.6618; boost_penalty: 0.0756 -> 0.1152
2026-04-09T00:27:02.102505	8300	70fa0d4b	explore	1	keep	0.1265	1.3	1.5	452	128	40	0.486	[explore] S1/FOOD_VECTOR: death_wall: -6.0972 -> -6.1940; survival: 0.0174 -> 0.0214; food_shaping: 0.0022 -> 0.0029
2026-04-09T00:27:05.095957	8301	a576533b	tweak	3	discard	-0.1204	1.3	1.1	452	128	40	0.486	[tweak] S3/ENEMY_AVOID: max_steps: 842 -> 838
2026-04-09T00:27:08.355569	8302	8f354779	radical	4	keep	0.1296	1.3	1.5	452	128	40	0.486	[radical] S4/MASS_MANAGEMENT: boost_penalty: 0.0537 -> 0.0551; death_wall: -30.4996 -> -36.2804; enemy_proximity_penalty: 5.0000 -> 2.1460; max_steps: 2451 -> 2660
2026-04-09T00:27:11.600810	8303	85261704	radical	1	keep	0.1265	1.3	1.5	452	128	40	0.486	[radical] S1/FOOD_VECTOR: max_steps: 134 -> 166; food_reward: 1.4944 -> 1.0000; death_snake: -44.7494 -> -46.7239; survival: 0.0214 -> 0.0310; food_shaping: 0.0029 -> 0.0012
2026-04-09T00:29:15.353010	8306	befe391c	radical	5	discard	-0.0135	1.3	1.3	452	128	40	0.486	[radical] S5/MASTERY_SURVIVAL: max_steps: 4035 -> 4057; enemy_approach_penalty: 0.1034 -> 0.0547; contest_food_reward: 0.9186 -> 0.4321; gamma: 0.9950 -> 0.9732; starvation_grace_steps: 138 -> 174
2026-04-09T00:29:18.330443	8307	be736c1d	explore	5	discard	-0.0135	1.3	1.3	452	128	40	0.486	[explore] S5/MASTERY_SURVIVAL: max_steps: 4035 -> 4506; kill_opportunity_reward: 10.5263 -> 12.4959; survival_escalation: 0.0019 -> 0.0019
2026-04-09T00:29:21.314409	8308	1308af3f	radical	3	discard	-0.1204	1.3	1.1	452	128	40	0.486	[radical] S3/ENEMY_AVOID: survival: 0.3055 -> 0.4255; death_wall: -5.2937 -> -5.0000; death_snake: -42.1862 -> -45.9801; enemy_proximity_penalty: 1.1236 -> 1.0216; starvation_penalty: 0.0014 -> 0.0020
2026-04-09T00:29:24.593639	8309	bfabf226	radical	2	keep	0.3796	1.5	2.1	452	128	40	0.486	[radical] S2/WALL_AVOID: food_reward: 1.0000 -> 1.1300; gamma: 0.8709 -> 0.8809; food_shaping: 0.0672 -> 0.1030; death_snake: -31.9232 -> -22.4731; survival: 0.0893 -> 0.0604
2026-04-09T00:29:27.872790	8310	f38174f0	tweak	4	keep	0.1296	1.3	1.5	452	128	40	0.486	[tweak] S4/MASS_MANAGEMENT: wall_proximity_penalty: 0.1611 -> 0.1392
2026-04-09T00:29:31.147225	8311	2fdd4269	explore	1	keep	0.1265	1.3	1.5	452	128	40	0.486	[explore] S1/FOOD_VECTOR: death_wall: -6.1940 -> -6.4832; gamma: 0.9023 -> 0.9178; max_steps: 166 -> 176
2026-04-09T00:29:34.439084	8312	b271ff34	explore	4	keep	0.1296	1.3	1.5	452	128	40	0.486	[explore] S4/MASS_MANAGEMENT: wall_proximity_penalty: 0.1392 -> 0.0878; starvation_penalty: 0.2097 -> 0.2482; enemy_alert_dist: 2118 -> 2413
2026-04-09T00:29:37.420075	8313	e916bd88	radical	3	discard	-0.1204	1.3	1.1	452	128	40	0.486	[radical] S3/ENEMY_AVOID: death_wall: -5.2937 -> -5.5587; food_shaping: 0.0900 -> 0.1004; enemy_approach_penalty: 0.8866 -> 1.1028; survival: 0.3055 -> 0.4005; starvation_grace_steps: 48 -> 46
2026-04-09T00:29:40.713316	8314	4ff0363e	tweak	2	keep	0.3796	1.5	2.1	452	128	40	0.486	[tweak] S2/WALL_AVOID: survival: 0.0604 -> 0.0537
2026-04-09T00:29:43.997328	8315	6333c598	tweak	4	keep	0.1296	1.3	1.5	452	128	40	0.486	[tweak] S4/MASS_MANAGEMENT: death_snake: -100 -> -92.99447801180014
2026-04-09T00:29:47.005501	8316	6f77e77e	radical	5	discard	-0.0135	1.3	1.3	452	128	40	0.486	[radical] S5/MASTERY_SURVIVAL: length_bonus: 0.0061 -> 0.0048; starvation_penalty: 0.0116 -> 0.0183; kill_opportunity_reward: 10.5263 -> 12.4254; death_snake: -31.6877 -> -27.5454; boost_penalty: 6.0475 -> 3.2276
2026-04-09T00:29:50.283204	8317	0c99e08e	radical	4	keep	0.1296	1.3	1.5	452	128	40	0.486	[radical] S4/MASS_MANAGEMENT: survival_escalation: 0.0019 -> 0.0014; enemy_approach_penalty: 0.0510 -> 0.0541; survival: 0.0219 -> 0.0161; starvation_grace_steps: 17 -> 14; boost_penalty: 0.0551 -> 0.0629
2026-04-09T00:29:53.569476	8318	7b5fb0a7	radical	4	keep	0.1296	1.3	1.5	452	128	40	0.486	[radical] S4/MASS_MANAGEMENT: death_wall: -36.2804 -> -36.5189; mass_loss_penalty: 3.6925 -> 4.9759; survival: 0.0161 -> 0.0139; enemy_alert_dist: 2413 -> 2393; max_steps: 2660 -> 2433
2026-04-09T00:29:56.834393	8319	1740d135	tweak	2	keep	0.3796	1.5	2.1	452	128	40	0.486	[tweak] S2/WALL_AVOID: gamma: 0.8809 -> 0.8845
2026-04-09T00:30:00.110993	8320	c5d3cc2b	explore	4	keep	0.1296	1.3	1.5	452	128	40	0.486	[explore] S4/MASS_MANAGEMENT: enemy_alert_dist: 2393 -> 2426; death_wall: -36.5189 -> -42.4353
2026-04-09T00:30:03.386883	8321	f295958b	explore	2	keep	0.3796	1.5	2.1	452	128	40	0.486	[explore] S2/WALL_AVOID: food_shaping: 0.1030 -> 0.0721; starvation_penalty: 0.0350 -> 0.0200; survival_escalation: 0.0003 -> 0.0002
2026-04-09T00:31:07.010603	8323	df8388c3	explore	2	keep	0.3796	1.5	2.1	452	128	40	0.486	[explore] S2/WALL_AVOID: food_shaping: 0.0721 -> 0.0550; max_steps: 100 -> 113; starvation_penalty: 0.0200 -> 0.0123
2026-04-09T00:31:10.253678	8324	f4f41e2c	radical	2	keep	0.3796	1.5	2.1	452	128	40	0.486	[radical] S2/WALL_AVOID: gamma: 0.8845 -> 0.9179; food_shaping: 0.0550 -> 0.0792; wall_proximity_penalty: 0.0140 -> 0.0136; survival_escalation: 0.0002 -> 0.0001; survival: 0.0537 -> 0.0719
2026-04-09T00:31:13.514227	8325	0329cd18	tweak	2	keep	0.3796	1.5	2.1	452	128	40	0.486	[tweak] S2/WALL_AVOID: starvation_grace_steps: 60 -> 66
2026-04-09T00:31:16.523887	8326	4704e338	tweak	3	discard	-0.1204	1.3	1.1	452	128	40	0.486	[tweak] S3/ENEMY_AVOID: enemy_proximity_penalty: 1.1236 -> 0.9452
2026-04-09T00:31:19.537120	8327	08905f49	radical	5	discard	-0.0135	1.3	1.3	452	128	40	0.486	[radical] S5/MASTERY_SURVIVAL: enemy_proximity_penalty: 1.7712 -> 1.5989; kill_opportunity_reward: 10.5263 -> 16.2949; starvation_grace_steps: 138 -> 190; food_reward: 3.8784 -> 4.5140; length_bonus: 0.0061 -> 0.0023
2026-04-09T00:31:22.486913	8328	0eb0ee03	tweak	3	discard	-0.1204	1.3	1.1	452	128	40	0.486	[tweak] S3/ENEMY_AVOID: enemy_proximity_penalty: 1.1236 -> 1.1966
2026-04-09T00:31:25.498244	8329	ac338b65	explore	5	discard	-0.0135	1.3	1.3	452	128	40	0.486	[explore] S5/MASTERY_SURVIVAL: wall_proximity_penalty: 0.3813 -> 0.2964; boost_penalty: 6.0475 -> 6.6711; death_snake: -31.6877 -> -35.5619
2026-04-09T00:31:28.454337	8330	5a2c2025	radical	3	discard	-0.1204	1.3	1.1	452	128	40	0.486	[radical] S3/ENEMY_AVOID: starvation_penalty: 0.0014 -> 0.0021; enemy_approach_penalty: 0.8866 -> 1.4169; survival: 0.3055 -> 0.3830; boost_penalty: 0.0756 -> 0.1004; death_wall: -5.2937 -> -6.8510
2026-04-09T00:31:31.744687	8331	6210e9cd	radical	1	keep	0.1265	1.3	1.5	452	128	40	0.486	[radical] S1/FOOD_VECTOR: survival: 0.0310 -> 0.0296; death_wall: -6.4832 -> -7.4241; wall_proximity_penalty: 0.0024 -> 0.0029; max_steps: 176 -> 188; food_reward: 1.0000 -> 1.4479
2026-04-09T00:31:34.726165	8332	9fa9f5b6	explore	5	discard	-0.0135	1.3	1.3	452	128	40	0.486	[explore] S5/MASTERY_SURVIVAL: mass_loss_penalty: 1.8905 -> 1.8772; starvation_grace_steps: 138 -> 156; enemy_zone_control_reward: 0.0659 -> 0.0985
2026-04-09T00:31:38.007832	8333	d244c998	explore	1	keep	0.1265	1.3	1.5	452	128	40	0.486	[explore] S1/FOOD_VECTOR: food_shaping: 0.0012 -> 0.0010; max_steps: 188 -> 151; death_wall: -7.4241 -> -6.8196
2026-04-09T00:32:41.628196	8335	64ee9db7	tweak	1	keep	0.1265	1.3	1.5	452	128	40	0.486	[tweak] S1/FOOD_VECTOR: wall_proximity_penalty: 0.0029 -> 0.0030
2026-04-09T00:33:45.312269	8337	5d09ebc1	radical	4	keep	0.1296	1.3	1.5	452	128	40	0.486	[radical] S4/MASS_MANAGEMENT: enemy_approach_penalty: 0.0541 -> 0.0597; gamma: 0.9950 -> 0.9849; enemy_proximity_penalty: 2.1460 -> 2.1322; starvation_penalty: 0.2482 -> 0.2231; death_wall: -42.4353 -> -41.9531
2026-04-09T00:33:48.576207	8338	5243bfce	explore	2	keep	0.3796	1.5	2.1	452	128	40	0.486	[explore] S2/WALL_AVOID: food_reward: 1.1300 -> 1.0562; food_shaping: 0.0792 -> 0.0747; wall_proximity_penalty: 0.0136 -> 0.0115
2026-04-09T00:33:51.855353	8339	a2c984f9	radical	1	keep	0.1265	1.3	1.5	452	128	40	0.486	[radical] S1/FOOD_VECTOR: death_wall: -6.8196 -> -5.7055; food_reward: 1.4479 -> 1.8326; food_shaping: 0.0010 -> 0.0009; survival: 0.0296 -> 0.0290; gamma: 0.9178 -> 0.8918
2026-04-09T00:33:54.828915	8340	fc442a5c	radical	5	discard	-0.0135	1.3	1.3	452	128	40	0.486	[radical] S5/MASTERY_SURVIVAL: enemy_proximity_penalty: 1.7712 -> 0.9557; kill_opportunity_reward: 10.5263 -> 5.2042; contest_food_reward: 0.9186 -> 1.4539; death_snake: -31.6877 -> -41.3622; starvation_grace_steps: 138 -> 116
2026-04-09T00:33:57.782065	8341	bd88dcf9	radical	3	discard	-0.1204	1.3	1.1	452	128	40	0.486	[radical] S3/ENEMY_AVOID: starvation_grace_steps: 48 -> 30; death_snake: -42.1862 -> -40.0882; starvation_penalty: 0.0014 -> 0.0009; gamma: 0.9291 -> 0.9142; enemy_alert_dist: 2395 -> 2351
2026-04-09T00:34:01.046931	8342	ac3b6240	radical	4	keep	0.1296	1.3	1.5	452	128	40	0.486	[radical] S4/MASS_MANAGEMENT: death_snake: -92.9945 -> -90.4165; enemy_alert_dist: 2426 -> 1635; enemy_approach_penalty: 0.0597 -> 0.0417; gamma: 0.9849 -> 0.9896; food_reward: 1.2535 -> 1.2880
2026-04-09T00:34:04.286125	8343	152b4cec	radical	2	keep	0.3796	1.5	2.1	452	128	40	0.486	[radical] S2/WALL_AVOID: survival: 0.0719 -> 0.0913; wall_proximity_penalty: 0.0115 -> 0.0176; food_reward: 1.0562 -> 1.0072; gamma: 0.9179 -> 0.9271; max_steps: 113 -> 100
2026-04-09T00:34:07.550347	8344	24d43ea7	tweak	1	keep	0.1265	1.3	1.5	452	128	40	0.486	[tweak] S1/FOOD_VECTOR: death_snake: -46.7239 -> -46.6583
2026-04-09T00:35:11.193191	8346	20dd22bc	radical	1	keep	0.1265	1.3	1.5	452	128	40	0.486	[radical] S1/FOOD_VECTOR: survival: 0.0290 -> 0.0306; death_wall: -5.7055 -> -5.2239; wall_proximity_penalty: 0.0030 -> 0.0031; food_reward: 1.8326 -> 2.4320; gamma: 0.8918 -> 0.8640
2026-04-09T00:35:14.422196	8347	2e480d3a	explore	2	keep	0.3796	1.5	2.1	452	128	40	0.486	[explore] S2/WALL_AVOID: survival: 0.0913 -> 0.1145; gamma: 0.9271 -> 0.9052
2026-04-09T00:35:17.414325	8348	8d26db97	radical	5	discard	-0.0135	1.3	1.3	452	128	40	0.486	[radical] S5/MASTERY_SURVIVAL: survival: 0.0794 -> 0.0760; starvation_grace_steps: 138 -> 81; enemy_zone_control_reward: 0.0659 -> 0.0436; kill_opportunity_reward: 10.5263 -> 5.8467; max_steps: 4035 -> 3210
2026-04-09T00:35:20.647762	8349	482bc823	tweak	2	keep	0.3796	1.5	2.1	452	128	40	0.486	[tweak] S2/WALL_AVOID: food_reward: 1.0072 -> 1.1462
2026-04-09T00:35:23.875050	8350	a61f3be7	tweak	2	keep	0.3796	1.5	2.1	452	128	40	0.486	[tweak] S2/WALL_AVOID: no effective changes
2026-04-09T00:35:27.099396	8351	c319620f	tweak	2	keep	0.3796	1.5	2.1	452	128	40	0.486	[tweak] S2/WALL_AVOID: death_snake: -22.4731 -> -19.7329
2026-04-09T00:35:30.343146	8352	5e8add53	radical	1	keep	0.1265	1.3	1.5	452	128	40	0.486	[radical] S1/FOOD_VECTOR: food_shaping: 0.0009 -> 0.0012; death_snake: -46.6583 -> -61.1445; max_steps: 151 -> 107; death_wall: -5.2239 -> -5.0000; wall_proximity_penalty: 0.0031 -> 0.0037
2026-04-09T00:35:33.573233	8353	811e18a7	radical	1	keep	0.1265	1.3	1.5	452	128	40	0.486	[radical] S1/FOOD_VECTOR: survival: 0.0306 -> 0.0424; food_reward: 2.4320 -> 1.9124; death_snake: -61.1445 -> -47.4658; gamma: 0.8640 -> 0.8472
2026-04-09T00:35:36.809429	8354	ff38dc12	explore	2	keep	0.3796	1.5	2.1	452	128	40	0.486	[explore] S2/WALL_AVOID: death_snake: -19.7329 -> -16.2187; food_reward: 1.1462 -> 1.0748; max_steps: 100 -> 104
2026-04-09T00:35:39.803330	8355	853b8079	tweak	3	discard	-0.1204	1.3	1.1	452	128	40	0.486	[tweak] S3/ENEMY_AVOID: survival: 0.3055 -> 0.3263
2026-04-09T00:35:43.097543	8356	8ae6b3f1	explore	4	keep	0.1296	1.3	1.5	452	128	40	0.486	[explore] S4/MASS_MANAGEMENT: wall_proximity_penalty: 0.0878 -> 0.1201; length_bonus: 0.0132 -> 0.0171; death_wall: -41.9531 -> -35.4356
2026-04-09T00:35:46.388465	8357	69b7813f	tweak	4	keep	0.1296	1.3	1.5	452	128	40	0.486	[tweak] S4/MASS_MANAGEMENT: enemy_approach_penalty: 0.0417 -> 0.0397
2026-04-09T00:35:49.675819	8358	0bb727d9	radical	4	keep	0.1296	1.3	1.5	452	128	40	0.486	[radical] S4/MASS_MANAGEMENT: enemy_alert_dist: 1635 -> 1705; enemy_proximity_penalty: 2.1322 -> 0.9822; survival_escalation: 0.0014 -> 0.0008; starvation_penalty: 0.2231 -> 0.2873; food_shaping: 0.0422 -> 0.0502
2026-04-09T00:35:52.953786	8359	7d350586	tweak	2	keep	0.3796	1.5	2.1	452	128	40	0.486	[tweak] S2/WALL_AVOID: food_reward: 1.0748 -> 1.0416
2026-04-09T00:35:56.236284	8360	f5d14120	tweak	1	keep	0.1265	1.3	1.5	452	128	40	0.486	[tweak] S1/FOOD_VECTOR: no effective changes
2026-04-09T00:35:59.239305	8361	9896c74f	radical	5	discard	-0.0135	1.3	1.3	452	128	40	0.486	[radical] S5/MASTERY_SURVIVAL: length_bonus: 0.0061 -> 0.0045; contest_food_reward: 0.9186 -> 1.0075; food_shaping: 0.0927 -> 0.0666; mass_loss_penalty: 1.8905 -> 1.3054; enemy_alert_dist: 1329 -> 1512
2026-04-09T00:36:02.211007	8362	e3ca9736	explore	5	discard	-0.0135	1.3	1.3	452	128	40	0.486	[explore] S5/MASTERY_SURVIVAL: survival_escalation: 0.0019 -> 0.0020; enemy_alert_dist: 1329 -> 1133; length_bonus: 0.0061 -> 0.0090
2026-04-09T00:36:05.501154	8363	bb57a4b9	explore	1	keep	0.1265	1.3	1.5	452	128	40	0.486	[explore] S1/FOOD_VECTOR: max_steps: 107 -> 122; gamma: 0.8472 -> 0.8644; survival: 0.0424 -> 0.0490
2026-04-09T00:36:08.779803	8364	228d23e4	tweak	1	keep	0.1265	1.3	1.5	452	128	40	0.486	[tweak] S1/FOOD_VECTOR: survival: 0.0490 -> 0.0438
2026-04-09T00:37:12.442588	8366	afbfda5c	explore	4	keep	0.1296	1.3	1.5	452	128	40	0.486	[explore] S4/MASS_MANAGEMENT: enemy_approach_penalty: 0.0397 -> 0.0315; mass_loss_penalty: 4.9759 -> 4.1027; max_steps: 2433 -> 2447
2026-04-09T00:37:15.735262	8367	5dd70b52	tweak	4	keep	0.1296	1.3	1.5	452	128	40	0.486	[tweak] S4/MASS_MANAGEMENT: food_reward: 1.2880 -> 1.2778
2026-04-09T00:37:18.722951	8368	6e0fcfd4	tweak	3	discard	-0.1204	1.3	1.1	452	128	40	0.486	[tweak] S3/ENEMY_AVOID: starvation_penalty: 0.0014 -> 0.0014
2026-04-09T00:37:21.961446	8369	7f630e06	tweak	4	keep	0.1296	1.3	1.5	452	128	40	0.486	[tweak] S4/MASS_MANAGEMENT: death_wall: -35.4356 -> -31.1962
2026-04-09T00:37:24.940234	8370	e3c38df6	explore	5	discard	-0.0135	1.3	1.3	452	128	40	0.486	[explore] S5/MASTERY_SURVIVAL: survival: 0.0794 -> 0.0651; death_wall: -23.6640 -> -25.3347; survival_escalation: 0.0019 -> 0.0021
2026-04-09T00:40:29.259720	8374	5c48ac8e	explore	1	keep	0.1265	1.3	1.5	452	128	40	0.486	[explore] S1/FOOD_VECTOR: wall_proximity_penalty: 0.0037 -> 0.0038; gamma: 0.8644 -> 0.8769; survival: 0.0438 -> 0.0481
2026-04-09T00:40:32.513869	8375	9f4c0f8b	radical	1	keep	0.1265	1.3	1.5	452	128	40	0.486	[radical] S1/FOOD_VECTOR: food_reward: 1.9124 -> 1.7199; gamma: 0.8769 -> 0.8668; max_steps: 122 -> 100; wall_proximity_penalty: 0.0038 -> 0.0046; food_shaping: 0.0012 -> 0.0007
2026-04-09T00:40:35.782217	8376	7ea81e44	explore	1	keep	0.1265	1.3	1.5	452	128	40	0.486	[explore] S1/FOOD_VECTOR: gamma: 0.8668 -> 0.8823; food_reward: 1.7199 -> 1.9254; wall_proximity_penalty: 0.0046 -> 0.0049
2026-04-09T00:40:39.040935	8377	b57e087c	explore	2	keep	0.3796	1.5	2.1	452	128	40	0.486	[explore] S2/WALL_AVOID: wall_proximity_penalty: 0.0176 -> 0.0132; starvation_grace_steps: 66 -> 47; survival_escalation: 0.0001 -> 0.0001
2026-04-09T00:40:42.312405	8378	d3799876	tweak	4	keep	0.1296	1.3	1.5	452	128	40	0.486	[tweak] S4/MASS_MANAGEMENT: starvation_grace_steps: 14 -> 15
2026-04-09T00:40:45.586115	8379	596bb21a	radical	1	keep	0.1265	1.3	1.5	452	128	40	0.486	[radical] S1/FOOD_VECTOR: survival: 0.0481 -> 0.0598; death_wall: -5 -> -5.226097727437402; food_shaping: 0.0007 -> 0.0004; max_steps: 100 -> 104; food_reward: 1.9254 -> 2.1583
2026-04-09T00:41:49.256474	8381	6d005584	radical	4	keep	0.1296	1.3	1.5	452	128	40	0.486	[radical] S4/MASS_MANAGEMENT: wall_proximity_penalty: 0.1201 -> 0.1516; enemy_proximity_penalty: 0.9822 -> 0.5097; food_shaping: 0.0502 -> 0.0429; enemy_approach_penalty: 0.0315 -> 0.0195; starvation_penalty: 0.2873 -> 0.2185
2026-04-09T00:41:52.545363	8382	38f46f9d	tweak	1	keep	0.1265	1.3	1.5	452	128	40	0.486	[tweak] S1/FOOD_VECTOR: max_steps: 104 -> 106
2026-04-09T00:41:55.550482	8383	3f9159b0	tweak	5	discard	-0.0135	1.3	1.3	452	128	40	0.486	[tweak] S5/MASTERY_SURVIVAL: enemy_zone_control_reward: 0.0659 -> 0.0515
2026-04-09T00:42:58.914665	8385	43de4acd	tweak	5	discard	-0.0135	1.3	1.3	452	128	40	0.486	[tweak] S5/MASTERY_SURVIVAL: food_reward: 3.8784 -> 3.8462
2026-04-09T00:45:02.934027	8388	1c93d257	radical	2	keep	0.3796	1.5	2.1	452	128	40	0.486	[radical] S2/WALL_AVOID: death_wall: -54.3278 -> -43.8028; survival_escalation: 0.0001 -> 0.0001; max_steps: 104 -> 100; wall_proximity_penalty: 0.0132 -> 0.0203; starvation_grace_steps: 47 -> 51
2026-04-09T00:45:06.169498	8389	0e475d93	explore	2	keep	0.3796	1.5	2.1	452	128	40	0.486	[explore] S2/WALL_AVOID: survival_escalation: 0.0001 -> 0.0001; starvation_penalty: 0.0123 -> 0.0080; wall_proximity_penalty: 0.0203 -> 0.0126
2026-04-09T00:45:09.437853	8390	784b8ab2	explore	2	keep	0.3796	1.5	2.1	452	128	40	0.486	[explore] S2/WALL_AVOID: food_reward: 1.0416 -> 1.0000; gamma: 0.9052 -> 0.8810; survival: 0.1145 -> 0.1345
2026-04-09T00:48:13.502654	8394	4d879e56	tweak	3	discard	-0.1204	1.3	1.1	452	128	40	0.486	[tweak] S3/ENEMY_AVOID: enemy_approach_penalty: 0.8866 -> 0.9175
2026-04-09T00:48:16.764179	8395	0d616584	radical	2	keep	0.3796	1.5	2.1	452	128	40	0.486	[radical] S2/WALL_AVOID: starvation_grace_steps: 51 -> 29; starvation_penalty: 0.0080 -> 0.0078; gamma: 0.8810 -> 0.8641; wall_proximity_penalty: 0.0126 -> 0.0063
2026-04-09T00:48:20.027510	8396	db2d98ca	explore	1	keep	0.1265	1.3	1.5	452	128	40	0.486	[explore] S1/FOOD_VECTOR: death_wall: -5.2261 -> -5.0000; food_reward: 2.1583 -> 1.7220; gamma: 0.8823 -> 0.8588
2026-04-09T00:48:23.034711	8397	994a80a2	explore	5	discard	-0.0135	1.3	1.3	452	128	40	0.486	[explore] S5/MASTERY_SURVIVAL: death_snake: -31.6877 -> -30.6615; max_steps: 4035 -> 3868; food_shaping: 0.0927 -> 0.0629
2026-04-09T00:48:26.271519	8398	8c7ac335	radical	1	keep	0.1265	1.3	1.5	452	128	40	0.486	[radical] S1/FOOD_VECTOR: gamma: 0.8588 -> 0.8799; food_shaping: 0.0004 -> 0.0003; max_steps: 106 -> 119; survival: 0.0598 -> 0.0683; wall_proximity_penalty: 0.0049 -> 0.0059
2026-04-09T00:48:29.555071	8399	f445fa5b	explore	2	keep	0.3796	1.5	2.1	452	128	40	0.486	[explore] S2/WALL_AVOID: starvation_grace_steps: 29 -> 26; wall_proximity_penalty: 0.0063 -> 0.0052; max_steps: 100 -> 107
2026-04-09T00:48:32.803623	8400	df4b8168	tweak	2	keep	0.3796	1.5	2.1	452	128	40	0.486	[tweak] S2/WALL_AVOID: survival_escalation: 0.0001 -> 0.0001
2026-04-09T00:48:35.799550	8401	6d55bb7c	radical	3	discard	-0.1204	1.3	1.1	452	128	40	0.486	[radical] S3/ENEMY_AVOID: enemy_proximity_penalty: 1.1236 -> 1.2458; gamma: 0.9291 -> 0.9421; enemy_alert_dist: 2395 -> 1993; death_wall: -5.2937 -> -6.5293; enemy_approach_penalty: 0.8866 -> 1.3561
2026-04-09T00:48:39.080712	8402	6ed98366	tweak	4	keep	0.1296	1.3	1.5	452	128	40	0.486	[tweak] S4/MASS_MANAGEMENT: starvation_grace_steps: 15 -> 16
2026-04-09T00:48:42.360662	8403	ce447720	radical	4	keep	0.1296	1.3	1.5	452	128	40	0.486	[radical] S4/MASS_MANAGEMENT: enemy_approach_penalty: 0.0195 -> 0.0120; food_shaping: 0.0429 -> 0.0584; starvation_grace_steps: 16 -> 10; gamma: 0.9896 -> 0.9950; enemy_proximity_penalty: 0.5097 -> 0.6971
2026-04-09T00:50:46.329040	8406	2ffdae9d	tweak	2	keep	0.3796	1.5	2.1	452	128	40	0.486	[tweak] S2/WALL_AVOID: survival: 0.1345 -> 0.1263
2026-04-09T00:50:49.283483	8407	2c7159bf	radical	3	discard	-0.1204	1.3	1.1	452	128	40	0.486	[radical] S3/ENEMY_AVOID: starvation_penalty: 0.0014 -> 0.0015; max_steps: 842 -> 1027; enemy_alert_dist: 2395 -> 2799; death_wall: -5.2937 -> -5.0000; survival: 0.3055 -> 0.4123
2026-04-09T00:51:52.942779	8409	6a3496bf	explore	1	keep	0.1265	1.3	1.5	452	128	40	0.486	[explore] S1/FOOD_VECTOR: death_wall: -5 -> -5.4273666376923115; wall_proximity_penalty: 0.0059 -> 0.0082; survival: 0.0683 -> 0.0776
2026-04-09T00:51:56.217783	8410	bdbc11fa	radical	1	keep	0.1265	1.3	1.5	452	128	40	0.486	[radical] S1/FOOD_VECTOR: food_reward: 1.7220 -> 2.3836; death_wall: -5.4274 -> -6.0014; survival: 0.0776 -> 0.0901; gamma: 0.8799 -> 0.8882; wall_proximity_penalty: 0.0082 -> 0.0074
2026-04-09T00:51:59.226498	8411	44137651	explore	5	discard	-0.0135	1.3	1.3	452	128	40	0.486	[explore] S5/MASTERY_SURVIVAL: contest_food_reward: 0.9186 -> 0.5510; food_reward: 3.8784 -> 4.5991
2026-04-09T00:52:02.477195	8412	8739ec28	radical	1	keep	0.1265	1.3	1.5	452	128	40	0.486	[radical] S1/FOOD_VECTOR: survival: 0.0901 -> 0.0615; wall_proximity_penalty: 0.0074 -> 0.0078; max_steps: 119 -> 133; death_snake: -47.4658 -> -60.1459; death_wall: -6.0014 -> -5.0000
2026-04-09T00:52:05.443786	8413	335d0e87	explore	3	discard	-0.1204	1.3	1.1	452	128	40	0.486	[explore] S3/ENEMY_AVOID: food_shaping: 0.0900 -> 0.0763; survival: 0.3055 -> 0.2432; max_steps: 842 -> 806
2026-04-09T00:52:08.732238	8414	46e42193	tweak	2	keep	0.3796	1.5	2.1	452	128	40	0.486	[tweak] S2/WALL_AVOID: survival: 0.1263 -> 0.1264
2026-04-09T00:52:12.003512	8415	ee879ec3	radical	2	keep	0.3796	1.5	2.1	452	128	40	0.486	[radical] S2/WALL_AVOID: wall_proximity_penalty: 0.0052 -> 0.0029; food_shaping: 0.0747 -> 0.0416; gamma: 0.8641 -> 0.8323; survival_escalation: 0.0001 -> 0.0001
2026-04-09T00:52:15.007487	8416	f00ffdba	radical	5	discard	-0.0135	1.3	1.3	452	128	40	0.486	[radical] S5/MASTERY_SURVIVAL: wall_proximity_penalty: 0.3813 -> 0.5255; enemy_approach_penalty: 0.1034 -> 0.0548; starvation_penalty: 0.0116 -> 0.0152; mass_loss_penalty: 1.8905 -> 2.7261; survival: 0.0794 -> 0.0651
2026-04-09T00:52:17.994075	8417	9c18aa6f	radical	3	discard	-0.1204	1.3	1.1	452	128	40	0.486	[radical] S3/ENEMY_AVOID: starvation_penalty: 0.0014 -> 0.0012; enemy_proximity_penalty: 1.1236 -> 1.5094; max_steps: 842 -> 930; death_snake: -42.1862 -> -36.6946; food_reward: 3.7535 -> 4.1424
2026-04-09T00:52:21.261949	8418	4dba47eb	explore	1	keep	0.1265	1.3	1.5	452	128	40	0.486	[explore] S1/FOOD_VECTOR: wall_proximity_penalty: 0.0078 -> 0.0095; gamma: 0.8882 -> 0.8623
2026-04-09T00:52:24.537962	8419	4ff7420b	radical	1	keep	0.1265	1.3	1.5	452	128	40	0.486	[radical] S1/FOOD_VECTOR: death_wall: -5 -> -6.8228789083665475; max_steps: 133 -> 125; gamma: 0.8623 -> 0.9007; food_shaping: 0.0003 -> 0.0002; survival: 0.0615 -> 0.0442
2026-04-09T00:52:27.545319	8420	e6d84ad5	tweak	5	discard	-0.0135	1.3	1.3	452	128	40	0.486	[tweak] S5/MASTERY_SURVIVAL: enemy_zone_control_reward: 0.0659 -> 0.0784
2026-04-09T00:52:30.512286	8421	24a8f940	radical	3	discard	-0.1204	1.3	1.1	452	128	40	0.486	[radical] S3/ENEMY_AVOID: enemy_approach_penalty: 0.8866 -> 1.3128; boost_penalty: 0.0756 -> 0.0482; gamma: 0.9291 -> 0.9481; death_wall: -5.2937 -> -5.0000; food_reward: 3.7535 -> 4.3194
2026-04-09T00:52:33.792501	8422	85a424f8	radical	1	keep	0.1265	1.3	1.5	452	128	40	0.486	[radical] S1/FOOD_VECTOR: death_wall: -6.8229 -> -8.1077; wall_proximity_penalty: 0.0095 -> 0.0060; death_snake: -60.1459 -> -62.8449; max_steps: 125 -> 127; food_reward: 2.3836 -> 2.1053
2026-04-09T00:52:36.760028	8423	1428a97e	explore	3	discard	-0.1204	1.3	1.1	452	128	40	0.486	[explore] S3/ENEMY_AVOID: starvation_grace_steps: 48 -> 40; enemy_alert_dist: 2395 -> 1917; survival: 0.3055 -> 0.2910
2026-04-09T00:52:40.019841	8424	63de9f2c	radical	4	keep	0.1296	1.3	1.5	452	128	40	0.486	[radical] S4/MASS_MANAGEMENT: max_steps: 2447 -> 3058; death_snake: -90.4165 -> -76.7674; food_reward: 1.2778 -> 1.6661; enemy_proximity_penalty: 0.6971 -> 0.6773; enemy_approach_penalty: 0.0120 -> 0.0104
2026-04-09T00:52:43.005272	8425	a3fe7303	radical	3	discard	-0.1204	1.3	1.1	452	128	40	0.486	[radical] S3/ENEMY_AVOID: gamma: 0.9291 -> 0.9198; food_reward: 3.7535 -> 3.2412; starvation_grace_steps: 48 -> 56; max_steps: 842 -> 660; enemy_approach_penalty: 0.8866 -> 0.5941
2026-04-09T00:52:45.994418	8426	0adfdddf	radical	5	discard	-0.0135	1.3	1.3	452	128	40	0.486	[radical] S5/MASTERY_SURVIVAL: starvation_grace_steps: 138 -> 122; survival: 0.0794 -> 0.0513; length_bonus: 0.0061 -> 0.0024; death_wall: -23.6640 -> -15.2214; starvation_penalty: 0.0116 -> 0.0129
2026-04-09T00:52:49.267056	8427	e0dad787	tweak	1	keep	0.1265	1.3	1.5	452	128	40	0.486	[tweak] S1/FOOD_VECTOR: survival: 0.0442 -> 0.0496
2026-04-09T00:52:52.258450	8428	809bff72	explore	5	discard	-0.0135	1.3	1.3	452	128	40	0.486	[explore] S5/MASTERY_SURVIVAL: survival_escalation: 0.0019 -> 0.0018; wall_proximity_penalty: 0.3813 -> 0.4656; length_bonus: 0.0061 -> 0.0066
2026-04-09T00:52:55.258420	8429	459acac6	explore	3	discard	-0.1204	1.3	1.1	452	128	40	0.486	[explore] S3/ENEMY_AVOID: food_shaping: 0.0900 -> 0.1074; death_snake: -42.1862 -> -49.8335; max_steps: 842 -> 871
2026-04-09T00:52:58.518155	8430	f1e7ce98	radical	1	keep	0.1265	1.3	1.5	452	128	40	0.486	[radical] S1/FOOD_VECTOR: gamma: 0.9007 -> 0.8851; survival: 0.0496 -> 0.0551; wall_proximity_penalty: 0.0060 -> 0.0065; death_wall: -8.1077 -> -10.0740; max_steps: 127 -> 100
2026-04-09T00:54:02.163863	8432	f69e489c	explore	2	keep	0.3796	1.5	2.1	452	128	40	0.486	[explore] S2/WALL_AVOID: starvation_penalty: 0.0078 -> 0.0116; death_wall: -43.8028 -> -45.4711; death_snake: -16.2187 -> -17.2453
2026-04-09T00:54:05.436899	8433	2494134b	radical	2	keep	0.3796	1.5	2.1	452	128	40	0.486	[radical] S2/WALL_AVOID: food_shaping: 0.0416 -> 0.0292; death_snake: -17.2453 -> -18.4143; survival: 0.1264 -> 0.1554; starvation_penalty: 0.0116 -> 0.0069; survival_escalation: 0.0001 -> 0.0000
2026-04-09T00:54:08.674271	8434	d875ec2a	radical	2	keep	0.3796	1.5	2.1	452	128	40	0.486	[radical] S2/WALL_AVOID: gamma: 0.8323 -> 0.8537; wall_proximity_penalty: 0.0029 -> 0.0041; food_shaping: 0.0292 -> 0.0146; survival_escalation: 0.0000 -> 0.0000; death_snake: -18.4143 -> -18.2495
2026-04-09T00:54:11.966147	8435	67090406	radical	4	keep	0.1296	1.3	1.5	452	128	40	0.486	[radical] S4/MASS_MANAGEMENT: enemy_proximity_penalty: 0.6773 -> 0.3214; max_steps: 3058 -> 2234; boost_penalty: 0.0629 -> 0.0354; enemy_alert_dist: 1705 -> 2086
2026-04-09T00:54:15.246300	8436	28d11420	tweak	4	keep	0.1296	1.3	1.5	452	128	40	0.486	[tweak] S4/MASS_MANAGEMENT: length_bonus: 0.0171 -> 0.0191
2026-04-09T00:54:18.251439	8437	7df90f11	radical	5	discard	-0.0135	1.3	1.3	452	128	40	0.486	[radical] S5/MASTERY_SURVIVAL: max_steps: 4035 -> 4507; survival: 0.0794 -> 0.0767; enemy_approach_penalty: 0.1034 -> 0.0480; survival_escalation: 0.0019 -> 0.0031; enemy_alert_dist: 1329 -> 1461
2026-04-09T00:54:21.236338	8438	c758ec45	radical	3	discard	-0.1204	1.3	1.1	452	128	40	0.486	[radical] S3/ENEMY_AVOID: starvation_penalty: 0.0014 -> 0.0004; max_steps: 842 -> 896; death_wall: -5.2937 -> -5.0000; survival: 0.3055 -> 0.4022; death_snake: -42.1862 -> -45.9297
2026-04-09T00:54:24.244623	8439	142e7360	tweak	5	discard	-0.0135	1.3	1.3	452	128	40	0.486	[tweak] S5/MASTERY_SURVIVAL: survival: 0.0794 -> 0.0823
2026-04-09T00:54:27.236506	8440	c65965d2	radical	5	discard	-0.0135	1.3	1.3	452	128	40	0.486	[radical] S5/MASTERY_SURVIVAL: enemy_alert_dist: 1329 -> 1524; enemy_zone_control_reward: 0.0659 -> 0.0593; length_bonus: 0.0061 -> 0.0106; food_shaping: 0.0927 -> 0.0467; wall_proximity_penalty: 0.3813 -> 0.5120
2026-04-09T00:54:30.492413	8441	de12f14c	tweak	4	keep	0.1296	1.3	1.5	452	128	40	0.486	[tweak] S4/MASS_MANAGEMENT: death_snake: -76.7674 -> -82.8235
2026-04-09T00:55:33.824352	8443	e9e101bb	explore	3	discard	-0.1204	1.3	1.1	452	128	40	0.486	[explore] S3/ENEMY_AVOID: death_snake: -42.1862 -> -45.2725; starvation_grace_steps: 48 -> 47; food_reward: 3.7535 -> 4.6959
2026-04-09T00:55:36.812241	8444	8d670caf	tweak	3	discard	-0.1204	1.3	1.1	452	128	40	0.486	[tweak] S3/ENEMY_AVOID: death_snake: -42.1862 -> -43.6946
2026-04-09T00:56:40.476278	8446	db51a08c	radical	4	keep	0.1296	1.3	1.5	452	128	40	0.486	[radical] S4/MASS_MANAGEMENT: survival: 0.0139 -> 0.0160; death_wall: -31.1962 -> -29.5315; enemy_alert_dist: 2086 -> 1969; survival_escalation: 0.0008 -> 0.0009
2026-04-09T00:56:43.742630	8447	cd3c0b1c	radical	1	keep	0.1265	1.3	1.5	452	128	40	0.486	[radical] S1/FOOD_VECTOR: food_reward: 2.1053 -> 3.0149; death_wall: -10.0740 -> -12.8193; survival: 0.0551 -> 0.0434; wall_proximity_penalty: 0.0065 -> 0.0070; death_snake: -62.8449 -> -74.0589
2026-04-09T00:56:46.734751	8448	f4456dc5	tweak	3	discard	-0.1204	1.3	1.1	452	128	40	0.486	[tweak] S3/ENEMY_AVOID: survival: 0.3055 -> 0.2882
2026-04-09T00:56:50.011378	8449	5106dc6e	explore	2	keep	0.3796	1.5	2.1	452	128	40	0.486	[explore] S2/WALL_AVOID: death_snake: -18.2495 -> -14.3461; wall_proximity_penalty: 0.0041 -> 0.0057; food_shaping: 0.0146 -> 0.0183
2026-04-09T00:56:52.980258	8450	10c9049e	tweak	5	discard	-0.0135	1.3	1.3	452	128	40	0.486	[tweak] S5/MASTERY_SURVIVAL: starvation_grace_steps: 138 -> 154
2026-04-09T00:57:56.358969	8452	6df58aca	explore	5	discard	-0.0135	1.3	1.3	452	128	40	0.486	[explore] S5/MASTERY_SURVIVAL: death_wall: -23.6640 -> -19.1288; enemy_proximity_penalty: 1.7712 -> 2.2528; enemy_approach_penalty: 0.1034 -> 0.1264
2026-04-09T00:57:59.609455	8453	ffddb095	tweak	4	keep	0.1296	1.3	1.5	452	128	40	0.486	[tweak] S4/MASS_MANAGEMENT: wall_proximity_penalty: 0.1516 -> 0.1653
2026-04-09T00:59:03.266477	8455	b903092b	tweak	1	keep	0.1265	1.3	1.5	452	128	40	0.486	[tweak] S1/FOOD_VECTOR: no effective changes
2026-04-09T00:59:06.504847	8456	abe68b6a	tweak	2	keep	0.3796	1.5	2.1	452	128	40	0.486	[tweak] S2/WALL_AVOID: survival_escalation: 0.0000 -> 0.0000
2026-04-09T00:59:09.494180	8457	a7545652	radical	3	discard	-0.1204	1.3	1.1	452	128	40	0.486	[radical] S3/ENEMY_AVOID: enemy_proximity_penalty: 1.1236 -> 1.2654; boost_penalty: 0.0756 -> 0.1027; enemy_alert_dist: 2395 -> 2742; survival: 0.3055 -> 0.3260; gamma: 0.9291 -> 0.9679
2026-04-09T00:59:12.472938	8458	bd8de2d0	tweak	3	discard	-0.1204	1.3	1.1	452	128	40	0.486	[tweak] S3/ENEMY_AVOID: starvation_grace_steps: 48 -> 45
2026-04-09T00:59:15.756636	8459	4d7f3dab	tweak	2	keep	0.3796	1.5	2.1	452	128	40	0.486	[tweak] S2/WALL_AVOID: gamma: 0.8537 -> 0.8599
2026-04-09T00:59:18.763956	8460	5244ea52	tweak	5	discard	-0.0135	1.3	1.3	452	128	40	0.486	[tweak] S5/MASTERY_SURVIVAL: kill_opportunity_reward: 10.5263 -> 12.3427
2026-04-09T00:59:22.039789	8461	45afefe6	radical	2	keep	0.3796	1.5	2.1	452	128	40	0.486	[radical] S2/WALL_AVOID: gamma: 0.8599 -> 0.8435; wall_proximity_penalty: 0.0057 -> 0.0030; food_shaping: 0.0183 -> 0.0254; survival_escalation: 0.0000 -> 0.0000; starvation_penalty: 0.0069 -> 0.0119
2026-04-09T00:59:25.051117	8462	a95bb994	explore	5	discard	-0.0135	1.3	1.3	452	128	40	0.486	[explore] S5/MASTERY_SURVIVAL: enemy_proximity_penalty: 1.7712 -> 1.6876; contest_food_reward: 0.9186 -> 1.3044; survival_escalation: 0.0019 -> 0.0020
2026-04-09T00:59:28.302611	8463	9d7402f1	explore	4	keep	0.1296	1.3	1.5	452	128	40	0.486	[explore] S4/MASS_MANAGEMENT: boost_penalty: 0.0354 -> 0.0357; starvation_penalty: 0.2185 -> 0.3080; survival_escalation: 0.0009 -> 0.0011
2026-04-09T00:59:31.548832	8464	5fb70469	tweak	1	keep	0.1265	1.3	1.5	452	128	40	0.486	[tweak] S1/FOOD_VECTOR: food_shaping: 0.0002 -> 0.0001
2026-04-09T00:59:34.820287	8465	ff13c7f5	explore	2	keep	0.3796	1.5	2.1	452	128	40	0.486	[explore] S2/WALL_AVOID: survival: 0.1554 -> 0.1260; starvation_penalty: 0.0119 -> 0.0123; food_shaping: 0.0254 -> 0.0209
2026-04-09T00:59:37.796379	8466	d18178c2	explore	5	discard	-0.0135	1.3	1.3	452	128	40	0.486	[explore] S5/MASTERY_SURVIVAL: max_steps: 4035 -> 3741; enemy_approach_penalty: 0.1034 -> 0.1112; boost_penalty: 6.0475 -> 5.8534
2026-04-09T00:59:40.797831	8467	d6f275ab	radical	5	discard	-0.0135	1.3	1.3	452	128	40	0.486	[radical] S5/MASTERY_SURVIVAL: enemy_approach_penalty: 0.1034 -> 0.0842; max_steps: 4035 -> 4386; enemy_zone_control_reward: 0.0659 -> 0.1049; survival_escalation: 0.0019 -> 0.0026
2026-04-09T00:59:44.066063	8468	0e3c15f1	radical	1	keep	0.1265	1.3	1.5	452	128	40	0.486	[radical] S1/FOOD_VECTOR: survival: 0.0434 -> 0.0388; food_shaping: 0.0001 -> 0.0002; gamma: 0.8851 -> 0.9240; death_snake: -74.0589 -> -47.9344
2026-04-09T01:00:47.728205	8470	df2c6003	tweak	4	keep	0.1296	1.3	1.5	452	128	40	0.486	[tweak] S4/MASS_MANAGEMENT: enemy_proximity_penalty: 0.3214 -> 0.3114
2026-04-09T01:00:50.732171	8471	96744ab2	tweak	3	discard	-0.1204	1.3	1.1	452	128	40	0.486	[tweak] S3/ENEMY_AVOID: max_steps: 842 -> 818
2026-04-09T01:00:54.017294	8472	4b5b4499	explore	1	keep	0.1265	1.3	1.5	452	128	40	0.486	[explore] S1/FOOD_VECTOR: wall_proximity_penalty: 0.0070 -> 0.0085; death_wall: -12.8193 -> -14.8372; gamma: 0.9240 -> 0.9049
2026-04-09T01:01:57.362924	8474	e2fa78fb	radical	3	discard	-0.1204	1.3	1.1	452	128	40	0.486	[radical] S3/ENEMY_AVOID: enemy_proximity_penalty: 1.1236 -> 0.6370; food_reward: 3.7535 -> 3.8665; boost_penalty: 0.0756 -> 0.0670; survival: 0.3055 -> 0.3192; death_snake: -42.1862 -> -37.6609
2026-04-09T01:02:00.355536	8475	6311bc86	tweak	3	discard	-0.1204	1.3	1.1	452	128	40	0.486	[tweak] S3/ENEMY_AVOID: max_steps: 842 -> 766
2026-04-09T01:02:03.641926	8476	31ef671b	tweak	4	keep	0.1296	1.3	1.5	452	128	40	0.486	[tweak] S4/MASS_MANAGEMENT: survival: 0.0160 -> 0.0183
2026-04-09T01:02:06.619245	8477	731aa3fa	radical	3	discard	-0.1204	1.3	1.1	452	128	40	0.486	[radical] S3/ENEMY_AVOID: gamma: 0.9291 -> 0.9138; death_wall: -5.2937 -> -7.1972; max_steps: 842 -> 649; enemy_alert_dist: 2395 -> 2897; boost_penalty: 0.0756 -> 0.0361
2026-04-09T01:02:09.894785	8478	5ff31a0c	tweak	1	keep	0.1265	1.3	1.5	452	128	40	0.486	[tweak] S1/FOOD_VECTOR: survival: 0.0388 -> 0.0431
2026-04-09T01:02:13.165644	8479	cf19d152	tweak	1	keep	0.1265	1.3	1.5	452	128	40	0.486	[tweak] S1/FOOD_VECTOR: wall_proximity_penalty: 0.0085 -> 0.0081
2026-04-09T01:02:16.152442	8480	d1e19faf	tweak	3	discard	-0.1204	1.3	1.1	452	128	40	0.486	[tweak] S3/ENEMY_AVOID: boost_penalty: 0.0756 -> 0.0801
2026-04-09T01:02:19.135732	8481	b3f64427	radical	3	discard	-0.1204	1.3	1.1	452	128	40	0.486	[radical] S3/ENEMY_AVOID: boost_penalty: 0.0756 -> 0.0771; starvation_penalty: 0.0014 -> 0.0016; death_snake: -42.1862 -> -39.8800; gamma: 0.9291 -> 0.8941; survival: 0.3055 -> 0.3107
2026-04-09T01:02:22.384136	8482	d7be3800	tweak	2	keep	0.3796	1.5	2.1	452	128	40	0.486	[tweak] S2/WALL_AVOID: starvation_penalty: 0.0123 -> 0.0146
2026-04-09T01:02:25.649479	8483	5d8c606d	radical	2	keep	0.3796	1.5	2.1	452	128	40	0.486	[radical] S2/WALL_AVOID: death_wall: -45.4711 -> -48.1855; food_shaping: 0.0209 -> 0.0202; food_reward: 1.0000 -> 1.1478; survival_escalation: 0.0000 -> 0.0000; survival: 0.1260 -> 0.1175
2026-04-09T01:02:28.665770	8484	f4c1291f	explore	5	discard	-0.0135	1.3	1.3	452	128	40	0.486	[explore] S5/MASTERY_SURVIVAL: starvation_grace_steps: 138 -> 139; boost_penalty: 6.0475 -> 8.3429; enemy_proximity_penalty: 1.7712 -> 1.3591
2026-04-09T01:02:31.935420	8485	7c71d66f	radical	4	keep	0.1296	1.3	1.5	452	128	40	0.486	[radical] S4/MASS_MANAGEMENT: death_snake: -82.8235 -> -63.9176; max_steps: 2234 -> 2176; starvation_grace_steps: 10 -> 13; length_bonus: 0.0191 -> 0.0102; death_wall: -29.5315 -> -38.1530
2026-04-09T01:03:35.590812	8487	2409221a	tweak	4	keep	0.1296	1.3	1.5	452	128	40	0.486	[tweak] S4/MASS_MANAGEMENT: food_shaping: 0.0584 -> 0.0560
2026-04-09T01:04:39.225155	8489	a472ed21	explore	1	keep	0.1265	1.3	1.5	452	128	40	0.486	[explore] S1/FOOD_VECTOR: food_reward: 3.0149 -> 2.7776; death_wall: -14.8372 -> -14.0496; food_shaping: 0.0002 -> 0.0003
2026-04-09T01:04:42.501766	8490	c14275c1	explore	1	keep	0.1265	1.3	1.5	452	128	40	0.486	[explore] S1/FOOD_VECTOR: survival: 0.0431 -> 0.0393; death_snake: -47.9344 -> -37.8545; max_steps: 100 -> 113
2026-04-09T01:04:45.528713	8491	3ac64c37	radical	5	discard	-0.0135	1.3	1.3	452	128	40	0.486	[radical] S5/MASTERY_SURVIVAL: starvation_grace_steps: 138 -> 123; max_steps: 4035 -> 3006; food_reward: 3.8784 -> 2.9917; mass_loss_penalty: 1.8905 -> 2.6996; survival: 0.0794 -> 0.0462
2026-04-09T01:04:48.542479	8492	f6292b2a	explore	5	discard	-0.0135	1.3	1.3	452	128	40	0.486	[explore] S5/MASTERY_SURVIVAL: enemy_proximity_penalty: 1.7712 -> 2.2701; kill_opportunity_reward: 10.5263 -> 7.3888; boost_penalty: 6.0475 -> 4.9316
2026-04-09T01:05:52.172655	8494	58bd1284	explore	1	keep	0.1265	1.3	1.5	452	128	40	0.486	[explore] S1/FOOD_VECTOR: max_steps: 113 -> 130; food_reward: 2.7776 -> 3.5809; death_wall: -14.0496 -> -15.2180
2026-04-09T01:05:55.447368	8495	c4c6051b	tweak	4	keep	0.1296	1.3	1.5	452	128	40	0.486	[tweak] S4/MASS_MANAGEMENT: death_snake: -63.9176 -> -60.0509
2026-04-09T01:05:58.447817	8496	5943c27c	radical	5	discard	-0.0135	1.3	1.3	452	128	40	0.486	[radical] S5/MASTERY_SURVIVAL: length_bonus: 0.0061 -> 0.0089; gamma: 0.9950 -> 0.9819; kill_opportunity_reward: 10.5263 -> 7.4299; starvation_grace_steps: 138 -> 161; food_shaping: 0.0927 -> 0.1140
2026-04-09T01:06:01.726513	8497	104180ae	radical	1	keep	0.1265	1.3	1.5	452	128	40	0.486	[radical] S1/FOOD_VECTOR: death_wall: -15.2180 -> -13.4038; gamma: 0.9049 -> 0.9317; food_shaping: 0.0003 -> 0.0001; death_snake: -37.8545 -> -33.1391; survival: 0.0393 -> 0.0427
2026-04-09T01:06:05.010953	8498	7a921c88	radical	4	keep	0.1296	1.3	1.5	452	128	40	0.486	[radical] S4/MASS_MANAGEMENT: death_snake: -60.0509 -> -42.2754; enemy_proximity_penalty: 0.3114 -> 0.4695; survival: 0.0183 -> 0.0110; food_shaping: 0.0560 -> 0.0680; mass_loss_penalty: 4.1027 -> 3.2631
2026-04-09T01:06:07.978955	8499	7bde36de	explore	3	discard	-0.1204	1.3	1.1	452	128	40	0.486	[explore] S3/ENEMY_AVOID: death_snake: -42.1862 -> -44.5254; starvation_grace_steps: 48 -> 42; enemy_proximity_penalty: 1.1236 -> 0.7976
2026-04-09T01:06:10.983293	8500	4baf1e49	tweak	3	discard	-0.1204	1.3	1.1	452	128	40	0.486	[tweak] S3/ENEMY_AVOID: max_steps: 842 -> 832
2026-04-09T01:06:14.265611	8501	8b0f6bd4	tweak	1	keep	0.1265	1.3	1.5	452	128	40	0.486	[tweak] S1/FOOD_VECTOR: food_shaping: 0.0001 -> 0.0001
2026-04-09T01:06:17.537327	8502	88a785fe	tweak	4	keep	0.1296	1.3	1.5	452	128	40	0.486	[tweak] S4/MASS_MANAGEMENT: mass_loss_penalty: 3.2631 -> 3.1052
2026-04-09T01:06:20.568528	8503	51917cbc	radical	5	discard	-0.0135	1.3	1.3	452	128	40	0.486	[radical] S5/MASTERY_SURVIVAL: food_reward: 3.8784 -> 4.9801; starvation_penalty: 0.0116 -> 0.0128; enemy_proximity_penalty: 1.7712 -> 1.6026; starvation_grace_steps: 138 -> 82; death_snake: -31.6877 -> -30.0159
2026-04-09T01:06:23.815072	8504	646cd37c	radical	2	keep	0.3796	1.5	2.1	452	128	40	0.486	[radical] S2/WALL_AVOID: max_steps: 107 -> 131; death_wall: -48.1855 -> -58.0413; food_shaping: 0.0202 -> 0.0307; food_reward: 1.1478 -> 1.1926; starvation_penalty: 0.0146 -> 0.0205
2026-04-09T01:06:26.820964	8505	acf2b7bb	tweak	5	discard	-0.0135	1.3	1.3	452	128	40	0.486	[tweak] S5/MASTERY_SURVIVAL: boost_penalty: 6.0475 -> 6.2166
2026-04-09T01:07:30.453628	8507	f82f5e56	radical	2	keep	0.3796	1.5	2.1	452	128	40	0.486	[radical] S2/WALL_AVOID: death_wall: -58.0413 -> -58.0671; food_reward: 1.1926 -> 1.1636; food_shaping: 0.0307 -> 0.0450; max_steps: 131 -> 127; wall_proximity_penalty: 0.0030 -> 0.0043
2026-04-09T01:07:33.445725	8508	23fa8059	explore	5	discard	-0.0135	1.3	1.3	452	128	40	0.486	[explore] S5/MASTERY_SURVIVAL: food_shaping: 0.0927 -> 0.1081; death_snake: -31.6877 -> -25.4769; starvation_grace_steps: 138 -> 173
2026-04-09T01:07:36.440095	8509	5b93a9a6	radical	5	discard	-0.0135	1.3	1.3	452	128	40	0.486	[radical] S5/MASTERY_SURVIVAL: food_shaping: 0.0927 -> 0.1193; food_reward: 3.8784 -> 2.6856; kill_opportunity_reward: 10.5263 -> 10.1713; enemy_alert_dist: 1329 -> 1494; contest_food_reward: 0.9186 -> 0.3373
2026-04-09T01:07:39.716281	8510	6689910f	radical	2	keep	0.3796	1.5	2.1	452	128	40	0.486	[radical] S2/WALL_AVOID: gamma: 0.8435 -> 0.8518; food_shaping: 0.0450 -> 0.0393; food_reward: 1.1636 -> 1.5236; death_wall: -58.0671 -> -59.4722; survival_escalation: 0.0000 -> 0.0000
2026-04-09T01:07:43.020133	8511	d3ef6d01	radical	2	keep	0.3796	1.5	2.1	452	128	40	0.486	[radical] S2/WALL_AVOID: food_shaping: 0.0393 -> 0.0530; food_reward: 1.5236 -> 2.0980; death_snake: -14.3461 -> -14.9532; starvation_grace_steps: 26 -> 27; wall_proximity_penalty: 0.0043 -> 0.0043
2026-04-09T01:08:46.645588	8513	abba2b32	explore	2	keep	0.3796	1.5	2.1	452	128	40	0.486	[explore] S2/WALL_AVOID: food_shaping: 0.0530 -> 0.0572; survival: 0.1175 -> 0.1461; death_snake: -14.9532 -> -16.1432
2026-04-09T01:08:49.871725	8514	9f15ab99	tweak	2	keep	0.3796	1.5	2.1	452	128	40	0.486	[tweak] S2/WALL_AVOID: starvation_penalty: 0.0205 -> 0.0166
2026-04-09T01:08:53.112662	8515	fbcce3a1	tweak	2	keep	0.3796	1.5	2.1	452	128	40	0.486	[tweak] S2/WALL_AVOID: survival_escalation: 0.0000 -> 0.0000
2026-04-09T01:08:56.099827	8516	5475086b	explore	3	discard	-0.1204	1.3	1.1	452	128	40	0.486	[explore] S3/ENEMY_AVOID: death_wall: -5.2937 -> -6.4110; gamma: 0.9291 -> 0.9184; max_steps: 842 -> 729
2026-04-09T01:08:59.095901	8517	9f39f6fb	explore	5	discard	-0.0135	1.3	1.3	452	128	40	0.486	[explore] S5/MASTERY_SURVIVAL: survival_escalation: 0.0019 -> 0.0022; death_snake: -31.6877 -> -24.4864; length_bonus: 0.0061 -> 0.0049
2026-04-09T01:09:02.352530	8518	296aef44	explore	1	keep	0.1265	1.3	1.5	452	128	40	0.486	[explore] S1/FOOD_VECTOR: gamma: 0.9317 -> 0.9559; food_reward: 3.5809 -> 4.0478; survival: 0.0427 -> 0.0517
2026-04-09T01:09:05.343403	8519	bd93c95b	explore	5	discard	-0.0135	1.3	1.3	452	128	40	0.486	[explore] S5/MASTERY_SURVIVAL: wall_proximity_penalty: 0.3813 -> 0.3388; starvation_penalty: 0.0116 -> 0.0152; death_snake: -31.6877 -> -32.3323
2026-04-09T01:09:08.346459	8520	76e0a73c	radical	3	discard	-0.1204	1.3	1.1	452	128	40	0.486	[radical] S3/ENEMY_AVOID: starvation_penalty: 0.0014 -> 0.0012; starvation_grace_steps: 48 -> 54; enemy_alert_dist: 2395 -> 2820; boost_penalty: 0.0756 -> 0.0665; death_snake: -42.1862 -> -37.5181
2026-04-09T01:09:11.309238	8521	c694df46	tweak	5	discard	-0.0135	1.3	1.3	452	128	40	0.486	[tweak] S5/MASTERY_SURVIVAL: survival_escalation: 0.0019 -> 0.0021
2026-04-09T01:10:14.956501	8523	c085d0fb	tweak	4	keep	0.1296	1.3	1.5	452	128	40	0.486	[tweak] S4/MASS_MANAGEMENT: starvation_penalty: 0.3080 -> 0.3757
2026-04-09T01:11:18.551023	8525	94b34a63	radical	2	keep	0.3796	1.5	2.1	452	128	40	0.486	[radical] S2/WALL_AVOID: food_shaping: 0.0572 -> 0.0506; starvation_grace_steps: 27 -> 26; max_steps: 127 -> 100; survival: 0.1461 -> 0.1516; death_snake: -16.1432 -> -15.3194
2026-04-09T01:12:22.186478	8527	f96e0042	radical	2	keep	0.3796	1.5	2.1	452	128	40	0.486	[radical] S2/WALL_AVOID: food_reward: 2.0980 -> 2.9392; food_shaping: 0.0506 -> 0.0696; wall_proximity_penalty: 0.0043 -> 0.0033; death_wall: -59.4722 -> -38.4407; death_snake: -15.3194 -> -11.6925
2026-04-09T01:12:25.455810	8528	637148fb	radical	4	keep	0.1296	1.3	1.5	452	128	40	0.486	[radical] S4/MASS_MANAGEMENT: enemy_approach_penalty: 0.0104 -> 0.0102; death_wall: -38.1530 -> -40.0397; enemy_alert_dist: 1969 -> 2291; wall_proximity_penalty: 0.1653 -> 0.2421; length_bonus: 0.0102 -> 0.0096
2026-04-09T01:12:28.459305	8529	81eb5cff	radical	3	discard	-0.1204	1.3	1.1	452	128	40	0.486	[radical] S3/ENEMY_AVOID: boost_penalty: 0.0756 -> 0.0891; death_snake: -42.1862 -> -41.2245; death_wall: -5.2937 -> -5.0000; enemy_approach_penalty: 0.8866 -> 1.1969; food_shaping: 0.0900 -> 0.1381
2026-04-09T01:12:31.699326	8530	4e57e36c	tweak	2	keep	0.3796	1.5	2.1	452	128	40	0.486	[tweak] S2/WALL_AVOID: food_reward: 2.9392 -> 2.8699
2026-04-09T01:12:34.678300	8531	d5fcead7	radical	5	discard	-0.0135	1.3	1.3	452	128	40	0.486	[radical] S5/MASTERY_SURVIVAL: mass_loss_penalty: 1.8905 -> 2.9375; food_shaping: 0.0927 -> 0.1351; wall_proximity_penalty: 0.3813 -> 0.1714; death_wall: -23.6640 -> -25.6811; enemy_proximity_penalty: 1.7712 -> 2.4025
2026-04-09T01:12:37.929728	8532	5c57e4dd	tweak	2	keep	0.3796	1.5	2.1	452	128	40	0.486	[tweak] S2/WALL_AVOID: survival: 0.1516 -> 0.1497
2026-04-09T01:12:41.231155	8533	2c1afd20	radical	1	keep	0.1265	1.3	1.5	452	128	40	0.486	[radical] S1/FOOD_VECTOR: wall_proximity_penalty: 0.0081 -> 0.0089; food_reward: 4.0478 -> 2.3653; food_shaping: 0.0001 -> 0.0002; death_wall: -13.4038 -> -13.9026; survival: 0.0517 -> 0.0501
2026-04-09T01:12:44.491560	8534	8769cbf9	explore	2	keep	0.3796	1.5	2.1	452	128	40	0.486	[explore] S2/WALL_AVOID: food_reward: 2.8699 -> 2.6633; food_shaping: 0.0696 -> 0.0606; gamma: 0.8518 -> 0.8495
2026-04-09T01:12:47.776160	8535	cb68a92e	radical	4	keep	0.1296	1.3	1.5	452	128	40	0.486	[radical] S4/MASS_MANAGEMENT: survival_escalation: 0.0011 -> 0.0010; death_wall: -40.0397 -> -49.8912; mass_loss_penalty: 3.1052 -> 2.3014; food_reward: 1.6661 -> 2.1207; boost_penalty: 0.0357 -> 0.0280
2026-04-09T01:12:50.817739	8536	19eef046	radical	5	discard	-0.0135	1.3	1.3	452	128	40	0.486	[radical] S5/MASTERY_SURVIVAL: food_shaping: 0.0927 -> 0.1422; enemy_approach_penalty: 0.1034 -> 0.1498; wall_proximity_penalty: 0.3813 -> 0.4271; max_steps: 4035 -> 4489; mass_loss_penalty: 1.8905 -> 1.4080
2026-04-09T01:12:53.808057	8537	e43ef376	explore	3	discard	-0.1204	1.3	1.1	452	128	40	0.486	[explore] S3/ENEMY_AVOID: death_snake: -42.1862 -> -35.8784; boost_penalty: 0.0756 -> 0.0902; starvation_penalty: 0.0014 -> 0.0011
2026-04-09T01:12:57.076358	8538	63f16dd5	explore	2	keep	0.3796	1.5	2.1	452	128	40	0.486	[explore] S2/WALL_AVOID: wall_proximity_penalty: 0.0033 -> 0.0030; starvation_penalty: 0.0166 -> 0.0222; food_reward: 2.6633 -> 2.1866
2026-04-09T01:14:00.704061	8540	19d87fd0	radical	2	keep	0.3796	1.5	2.1	452	128	40	0.486	[radical] S2/WALL_AVOID: survival_escalation: 0.0000 -> 0.0000; food_shaping: 0.0606 -> 0.0954; survival: 0.1497 -> 0.1106; death_snake: -11.6925 -> -11.1475
2026-04-09T01:14:03.696291	8541	78dd2726	radical	3	discard	-0.1204	1.3	1.1	452	128	40	0.486	[radical] S3/ENEMY_AVOID: food_reward: 3.7535 -> 2.2433; gamma: 0.9291 -> 0.9270; starvation_penalty: 0.0014 -> 0.0008; enemy_approach_penalty: 0.8866 -> 0.3727; death_snake: -42.1862 -> -32.5066
2026-04-09T01:14:06.968015	8542	e4a7b203	tweak	1	keep	0.1265	1.3	1.5	452	128	40	0.486	[tweak] S1/FOOD_VECTOR: wall_proximity_penalty: 0.0089 -> 0.0082
2026-04-09T01:14:09.913242	8543	4e81fdbe	explore	3	discard	-0.1204	1.3	1.1	452	128	40	0.486	[explore] S3/ENEMY_AVOID: death_snake: -42.1862 -> -33.7658; survival: 0.3055 -> 0.3467; enemy_alert_dist: 2395 -> 2041
2026-04-09T01:14:13.206761	8544	4fdf5a3d	radical	1	keep	0.1265	1.3	1.5	452	128	40	0.486	[radical] S1/FOOD_VECTOR: death_snake: -33.1391 -> -28.2544; wall_proximity_penalty: 0.0082 -> 0.0053; gamma: 0.9559 -> 0.9240; food_reward: 2.3653 -> 1.9163; food_shaping: 0.0002 -> 0.0001
2026-04-09T01:14:16.479271	8545	0c144b4c	tweak	4	keep	0.1296	1.3	1.5	452	128	40	0.486	[tweak] S4/MASS_MANAGEMENT: enemy_proximity_penalty: 0.4695 -> 0.4866
2026-04-09T01:14:19.746943	8546	beb727dc	explore	4	keep	0.1296	1.3	1.5	452	128	40	0.486	[explore] S4/MASS_MANAGEMENT: boost_penalty: 0.0280 -> 0.0392; starvation_penalty: 0.3757 -> 0.3173; death_wall: -49.8912 -> -54.2094
2026-04-09T01:14:22.994947	8547	cd3d5208	explore	2	keep	0.3796	1.5	2.1	452	128	40	0.486	[explore] S2/WALL_AVOID: food_shaping: 0.0954 -> 0.1232; death_wall: -38.4407 -> -35.1649
2026-04-09T01:14:26.250756	8548	3ee30710	radical	2	keep	0.3796	1.5	2.1	452	128	40	0.486	[radical] S2/WALL_AVOID: food_reward: 2.1866 -> 2.0214; survival: 0.1106 -> 0.1402; gamma: 0.8495 -> 0.8210; survival_escalation: 0.0000 -> 0.0000
2026-04-09T01:14:29.513841	8549	192dd427	explore	4	keep	0.1296	1.3	1.5	452	128	40	0.486	[explore] S4/MASS_MANAGEMENT: food_reward: 2.1207 -> 2.2996; survival_escalation: 0.0010 -> 0.0008; enemy_proximity_penalty: 0.4866 -> 0.3144
2026-04-09T01:14:32.767132	8550	671828c6	explore	4	keep	0.1296	1.3	1.5	452	128	40	0.486	[explore] S4/MASS_MANAGEMENT: length_bonus: 0.0096 -> 0.0122; max_steps: 2176 -> 2180; survival: 0.0110 -> 0.0126
2026-04-09T01:14:36.037012	8551	80331d46	radical	1	keep	0.1265	1.3	1.5	452	128	40	0.486	[radical] S1/FOOD_VECTOR: death_snake: -28.2544 -> -23.2316; food_shaping: 0.0001 -> 0.0001; death_wall: -13.9026 -> -16.0810; wall_proximity_penalty: 0.0053 -> 0.0062; survival: 0.0501 -> 0.0704
2026-04-09T01:14:39.292176	8552	12e64b5e	tweak	1	keep	0.1265	1.3	1.5	452	128	40	0.486	[tweak] S1/FOOD_VECTOR: death_snake: -23.2316 -> -21.1542
2026-04-09T01:14:42.541509	8553	b0a6ed55	explore	2	keep	0.3796	1.5	2.1	452	128	40	0.486	[explore] S2/WALL_AVOID: food_reward: 2.0214 -> 1.9847; death_wall: -35.1649 -> -38.4127; gamma: 0.8210 -> 0.8367
2026-04-09T01:14:45.522732	8554	5d202ec8	tweak	3	discard	-0.1204	1.3	1.1	452	128	40	0.486	[tweak] S3/ENEMY_AVOID: food_reward: 3.7535 -> 3.7077
2026-04-09T01:14:48.465048	8555	27f004d4	radical	3	discard	-0.1204	1.3	1.1	452	128	40	0.486	[radical] S3/ENEMY_AVOID: starvation_penalty: 0.0014 -> 0.0007; food_reward: 3.7535 -> 2.9568; starvation_grace_steps: 48 -> 27; enemy_proximity_penalty: 1.1236 -> 1.4591; death_snake: -42.1862 -> -27.5446
2026-04-09T01:14:51.422165	8556	0a58834d	explore	3	discard	-0.1204	1.3	1.1	452	128	40	0.486	[explore] S3/ENEMY_AVOID: survival: 0.3055 -> 0.3292; enemy_proximity_penalty: 1.1236 -> 1.1325; death_snake: -42.1862 -> -49.7071
2026-04-09T01:14:54.649339	8557	f40b9fdc	explore	2	keep	0.3796	1.5	2.1	452	128	40	0.486	[explore] S2/WALL_AVOID: food_reward: 1.9847 -> 1.4993; starvation_grace_steps: 26 -> 28
2026-04-09T01:14:57.907747	8558	a03da98e	tweak	4	keep	0.1296	1.3	1.5	452	128	40	0.486	[tweak] S4/MASS_MANAGEMENT: starvation_penalty: 0.3173 -> 0.3452
2026-04-09T01:16:01.570004	8560	47fcfc36	radical	1	keep	0.1265	1.3	1.5	452	128	40	0.486	[radical] S1/FOOD_VECTOR: food_shaping: 0.0001 -> 0.0001; wall_proximity_penalty: 0.0062 -> 0.0031; max_steps: 130 -> 164; gamma: 0.9240 -> 0.9153; death_snake: -21.1542 -> -24.4763
2026-04-09T01:16:04.841048	8561	c7d995c0	tweak	4	keep	0.1296	1.3	1.5	452	128	40	0.486	[tweak] S4/MASS_MANAGEMENT: max_steps: 2180 -> 2071
2026-04-09T01:16:08.098448	8562	672c9650	radical	2	keep	0.3796	1.5	2.1	452	128	40	0.486	[radical] S2/WALL_AVOID: starvation_grace_steps: 28 -> 25; survival_escalation: 0.0000 -> 0.0000; gamma: 0.8367 -> 0.8512; food_shaping: 0.1232 -> 0.1518; starvation_penalty: 0.0222 -> 0.0198
2026-04-09T01:16:11.377084	8563	56b6d338	explore	1	keep	0.1265	1.3	1.5	452	128	40	0.486	[explore] S1/FOOD_VECTOR: food_reward: 1.9163 -> 1.4951; gamma: 0.9153 -> 0.9209; wall_proximity_penalty: 0.0031 -> 0.0043
2026-04-09T01:16:14.633890	8564	3a88d2b7	tweak	1	keep	0.1265	1.3	1.5	452	128	40	0.486	[tweak] S1/FOOD_VECTOR: gamma: 0.9209 -> 0.9211
2026-04-09T01:16:17.908150	8565	94ec47ce	explore	4	keep	0.1296	1.3	1.5	452	128	40	0.486	[explore] S4/MASS_MANAGEMENT: enemy_approach_penalty: 0.0102 -> 0.0139; death_snake: -42.2754 -> -51.5072; food_shaping: 0.0680 -> 0.0927
2026-04-09T01:16:20.918720	8566	d8daa772	radical	5	discard	-0.0135	1.3	1.3	452	128	40	0.486	[radical] S5/MASTERY_SURVIVAL: kill_opportunity_reward: 10.5263 -> 4.5033; length_bonus: 0.0061 -> 0.0021; death_wall: -23.6640 -> -23.0666; death_snake: -31.6877 -> -23.1508; food_reward: 3.8784 -> 5.3343
2026-04-09T01:16:23.896782	8567	85184ba2	radical	5	discard	-0.0135	1.3	1.3	452	128	40	0.486	[radical] S5/MASTERY_SURVIVAL: max_steps: 4035 -> 5015; enemy_zone_control_reward: 0.0659 -> 0.0506; boost_penalty: 6.0475 -> 2.7196; death_snake: -31.6877 -> -36.0961; gamma: 0.9950 -> 0.9872
2026-04-09T01:16:26.893472	8568	35647d26	explore	3	discard	-0.1204	1.3	1.1	452	128	40	0.486	[explore] S3/ENEMY_AVOID: food_shaping: 0.0900 -> 0.0613; enemy_proximity_penalty: 1.1236 -> 1.1660; survival: 0.3055 -> 0.2472
2026-04-09T01:16:29.883651	8569	08877fe1	explore	3	discard	-0.1204	1.3	1.1	452	128	40	0.486	[explore] S3/ENEMY_AVOID: enemy_approach_penalty: 0.8866 -> 0.8255; enemy_proximity_penalty: 1.1236 -> 0.9127; death_snake: -42.1862 -> -40.4261
2026-04-09T01:16:32.875915	8570	a69921a5	explore	3	discard	-0.1204	1.3	1.1	452	128	40	0.486	[explore] S3/ENEMY_AVOID: food_shaping: 0.0900 -> 0.0569; survival: 0.3055 -> 0.3034; food_reward: 3.7535 -> 3.7002
2026-04-09T01:16:36.145492	8571	0523952c	tweak	2	keep	0.3796	1.5	2.1	452	128	40	0.486	[tweak] S2/WALL_AVOID: death_snake: -11.1475 -> -10.1179
2026-04-09T01:16:39.155562	8572	460d741e	explore	5	discard	-0.0135	1.3	1.3	452	128	40	0.486	[explore] S5/MASTERY_SURVIVAL: death_wall: -23.6640 -> -27.2968; starvation_grace_steps: 138 -> 113; food_reward: 3.8784 -> 3.9526
2026-04-09T01:16:42.390910	8573	153415dd	tweak	2	keep	0.3796	1.5	2.1	452	128	40	0.486	[tweak] S2/WALL_AVOID: survival_escalation: 0.0000 -> 0.0001
2026-04-09T01:16:45.640113	8574	9195a28d	radical	2	keep	0.3796	1.5	2.1	452	128	40	0.486	[radical] S2/WALL_AVOID: gamma: 0.8512 -> 0.8618; death_wall: -38.4127 -> -38.0020; max_steps: 100 -> 125; starvation_grace_steps: 25 -> 16; starvation_penalty: 0.0198 -> 0.0059
2026-04-09T01:17:49.006134	8576	4c2dbb80	tweak	3	discard	-0.1204	1.3	1.1	452	128	40	0.486	[tweak] S3/ENEMY_AVOID: enemy_approach_penalty: 0.8866 -> 0.7440
2026-04-09T01:18:52.330701	8578	69286332	radical	3	discard	-0.1204	1.3	1.1	452	128	40	0.486	[radical] S3/ENEMY_AVOID: starvation_penalty: 0.0014 -> 0.0007; food_reward: 3.7535 -> 3.7716; food_shaping: 0.0900 -> 0.1439; death_wall: -5.2937 -> -7.1449; max_steps: 842 -> 689
2026-04-09T01:19:55.984846	8580	78f65e57	explore	2	keep	0.3796	1.5	2.1	452	128	40	0.486	[explore] S2/WALL_AVOID: survival: 0.1402 -> 0.1717; death_snake: -10.1179 -> -9.3933; max_steps: 125 -> 101
2026-04-09T01:19:58.973388	8581	497fcc47	tweak	3	discard	-0.1204	1.3	1.1	452	128	40	0.486	[tweak] S3/ENEMY_AVOID: starvation_grace_steps: 48 -> 47
2026-04-09T01:21:02.622638	8583	8adb46c4	tweak	2	keep	0.3796	1.5	2.1	452	128	40	0.486	[tweak] S2/WALL_AVOID: max_steps: 101 -> 102
2026-04-09T01:21:05.618404	8584	a5aa0876	explore	5	discard	-0.0135	1.3	1.3	452	128	40	0.486	[explore] S5/MASTERY_SURVIVAL: death_snake: -31.6877 -> -23.8014; enemy_zone_control_reward: 0.0659 -> 0.0721; length_bonus: 0.0061 -> 0.0039
2026-04-09T01:21:08.876860	8585	43885198	tweak	4	keep	0.1296	1.3	1.5	452	128	40	0.486	[tweak] S4/MASS_MANAGEMENT: survival_escalation: 0.0008 -> 0.0008
2026-04-09T01:23:12.589911	8588	4cc6028d	radical	3	discard	-0.1204	1.3	1.1	452	128	40	0.486	[radical] S3/ENEMY_AVOID: max_steps: 842 -> 631; starvation_grace_steps: 48 -> 50; food_reward: 3.7535 -> 3.4492; death_wall: -5.2937 -> -6.0962; enemy_approach_penalty: 0.8866 -> 1.1944
2026-04-09T01:23:15.550560	8589	c1600274	explore	5	discard	-0.0135	1.3	1.3	452	128	40	0.486	[explore] S5/MASTERY_SURVIVAL: survival: 0.0794 -> 0.0928; max_steps: 4035 -> 4342; starvation_grace_steps: 138 -> 171
2026-04-09T01:23:18.779690	8590	787761cd	radical	1	keep	0.1265	1.3	1.5	452	128	40	0.486	[radical] S1/FOOD_VECTOR: max_steps: 164 -> 169; gamma: 0.9211 -> 0.9490; food_shaping: 0.0001 -> 0.0002; death_snake: -24.4763 -> -29.2024; survival: 0.0704 -> 0.0817
2026-04-09T01:24:22.382419	8592	7660f679	radical	2	keep	0.3796	1.5	2.1	452	128	40	0.486	[radical] S2/WALL_AVOID: survival_escalation: 0.0001 -> 0.0002; survival: 0.1717 -> 0.1448; gamma: 0.8618 -> 0.8733; starvation_grace_steps: 16 -> 9; food_shaping: 0.1518 -> 0.1524
2026-04-09T01:24:25.380362	8593	aed37740	tweak	5	discard	-0.0135	1.3	1.3	452	128	40	0.486	[tweak] S5/MASTERY_SURVIVAL: food_shaping: 0.0927 -> 0.0918
2026-04-09T01:24:28.658700	8594	1c3db43f	radical	4	keep	0.1296	1.3	1.5	452	128	40	0.486	[radical] S4/MASS_MANAGEMENT: boost_penalty: 0.0392 -> 0.0468; wall_proximity_penalty: 0.2421 -> 0.1884; max_steps: 2071 -> 2068; death_snake: -51.5072 -> -39.2989; death_wall: -54.2094 -> -56.6040
2026-04-09T01:24:31.610674	8595	e8f8154b	radical	3	discard	-0.1204	1.3	1.1	452	128	40	0.486	[radical] S3/ENEMY_AVOID: enemy_approach_penalty: 0.8866 -> 0.6832; boost_penalty: 0.0756 -> 0.1166; death_snake: -42.1862 -> -55.8069; food_shaping: 0.0900 -> 0.0391; gamma: 0.9291 -> 0.9291
2026-04-09T01:24:34.882087	8596	71985491	radical	1	keep	0.1265	1.3	1.5	452	128	40	0.486	[radical] S1/FOOD_VECTOR: death_snake: -29.2024 -> -25.7245; death_wall: -16.0810 -> -18.4780; survival: 0.0817 -> 0.1078; food_shaping: 0.0002 -> 0.0002; gamma: 0.9490 -> 0.9744
2026-04-09T01:24:38.150100	8597	48692314	radical	2	keep	0.3796	1.5	2.1	452	128	40	0.486	[radical] S2/WALL_AVOID: starvation_penalty: 0.0059 -> 0.0088; death_snake: -9.3933 -> -7.4681; food_shaping: 0.1524 -> 0.1213; food_reward: 1.4993 -> 1.2385; wall_proximity_penalty: 0.0030 -> 0.0040
2026-04-09T01:24:41.430702	8598	a39af724	explore	1	keep	0.1265	1.3	1.5	452	128	40	0.486	[explore] S1/FOOD_VECTOR: max_steps: 169 -> 153; food_reward: 1.4951 -> 1.1763; death_snake: -25.7245 -> -27.5897
2026-04-09T01:24:44.710557	8599	f49d11e0	tweak	1	keep	0.1265	1.3	1.5	452	128	40	0.486	[tweak] S1/FOOD_VECTOR: food_shaping: 0.0002 -> 0.0002
2026-04-09T01:24:47.994678	8600	760b2877	tweak	4	keep	0.1296	1.3	1.5	452	128	40	0.486	[tweak] S4/MASS_MANAGEMENT: mass_loss_penalty: 2.3014 -> 2.2822
2026-04-09T01:24:50.993597	8601	76b0d2ab	tweak	5	discard	-0.0135	1.3	1.3	452	128	40	0.486	[tweak] S5/MASTERY_SURVIVAL: kill_opportunity_reward: 10.5263 -> 9.1455
2026-04-09T01:24:53.993648	8602	9c5c947e	radical	5	discard	-0.0135	1.3	1.3	452	128	40	0.486	[radical] S5/MASTERY_SURVIVAL: mass_loss_penalty: 1.8905 -> 1.3822; starvation_grace_steps: 138 -> 190; enemy_proximity_penalty: 1.7712 -> 2.2909; contest_food_reward: 0.9186 -> 1.5887; enemy_zone_control_reward: 0.0659 -> 0.0688
2026-04-09T01:25:57.374141	8604	3f9d3134	radical	5	discard	-0.0135	1.3	1.3	452	128	40	0.486	[radical] S5/MASTERY_SURVIVAL: enemy_approach_penalty: 0.1034 -> 0.1081; starvation_grace_steps: 138 -> 108; max_steps: 4035 -> 4202; food_shaping: 0.0927 -> 0.0448; enemy_alert_dist: 1329 -> 1092
2026-04-09T01:26:00.354819	8605	8ed85f3b	tweak	3	discard	-0.1204	1.3	1.1	452	128	40	0.486	[tweak] S3/ENEMY_AVOID: enemy_alert_dist: 2395 -> 2595
2026-04-09T01:26:03.613427	8606	fe38d679	tweak	1	keep	0.1265	1.3	1.5	452	128	40	0.486	[tweak] S1/FOOD_VECTOR: max_steps: 153 -> 161
2026-04-09T01:26:06.598613	8607	0d2e645c	radical	5	discard	-0.0135	1.3	1.3	452	128	40	0.486	[radical] S5/MASTERY_SURVIVAL: survival: 0.0794 -> 0.0967; contest_food_reward: 0.9186 -> 0.7647; max_steps: 4035 -> 5219; enemy_zone_control_reward: 0.0659 -> 0.0828; food_reward: 3.8784 -> 4.4195
2026-04-09T01:26:09.855969	8608	46fc280f	radical	1	keep	0.1265	1.3	1.5	452	128	40	0.486	[radical] S1/FOOD_VECTOR: max_steps: 161 -> 199; survival: 0.1078 -> 0.0640; death_snake: -27.5897 -> -30.5526; death_wall: -18.4780 -> -15.2193; gamma: 0.9744 -> 0.9747
2026-04-09T01:26:12.854504	8609	91d29429	tweak	5	discard	-0.0135	1.3	1.3	452	128	40	0.486	[tweak] S5/MASTERY_SURVIVAL: max_steps: 4035 -> 3914
2026-04-09T01:26:15.833626	8610	89ab4b52	explore	3	discard	-0.1204	1.3	1.1	452	128	40	0.486	[explore] S3/ENEMY_AVOID: gamma: 0.9291 -> 0.9167; starvation_penalty: 0.0014 -> 0.0015; enemy_proximity_penalty: 1.1236 -> 1.5647
2026-04-09T01:26:18.809099	8611	d8673d8b	explore	5	discard	-0.0135	1.3	1.3	452	128	40	0.486	[explore] S5/MASTERY_SURVIVAL: kill_opportunity_reward: 10.5263 -> 7.2944; contest_food_reward: 0.9186 -> 1.3351; food_reward: 3.8784 -> 4.4598
2026-04-09T01:26:21.793052	8612	eaf420d8	explore	3	discard	-0.1204	1.3	1.1	452	128	40	0.486	[explore] S3/ENEMY_AVOID: max_steps: 842 -> 692; food_shaping: 0.0900 -> 0.0780; gamma: 0.9291 -> 0.9424
2026-04-09T01:26:24.790980	8613	fcbb19f5	tweak	5	discard	-0.0135	1.3	1.3	452	128	40	0.486	[tweak] S5/MASTERY_SURVIVAL: food_shaping: 0.0927 -> 0.1030
2026-04-09T01:26:28.025323	8614	b8526897	tweak	2	keep	0.3796	1.5	2.1	452	128	40	0.486	[tweak] S2/WALL_AVOID: death_wall: -38.0020 -> -35.5254
2026-04-09T01:27:31.654948	8616	1542ebc4	tweak	2	keep	0.3796	1.5	2.1	452	128	40	0.486	[tweak] S2/WALL_AVOID: starvation_penalty: 0.0088 -> 0.0090
2026-04-09T01:27:34.656309	8617	dd61713d	explore	5	discard	-0.0135	1.3	1.3	452	128	40	0.486	[explore] S5/MASTERY_SURVIVAL: kill_opportunity_reward: 10.5263 -> 11.9917; enemy_proximity_penalty: 1.7712 -> 1.6212; boost_penalty: 6.0475 -> 4.2342
2026-04-09T01:28:38.322765	8619	479ada3d	explore	4	keep	0.1296	1.3	1.5	452	128	40	0.486	[explore] S4/MASS_MANAGEMENT: max_steps: 2068 -> 1691; survival_escalation: 0.0008 -> 0.0005
2026-04-09T01:29:41.933304	8621	83ffecb2	explore	4	keep	0.1296	1.3	1.5	452	128	40	0.486	[explore] S4/MASS_MANAGEMENT: enemy_approach_penalty: 0.0139 -> 0.0086; death_snake: -39.2989 -> -36.9756; mass_loss_penalty: 2.2822 -> 2.4295
2026-04-09T01:29:44.903845	8622	c60d113c	tweak	3	discard	-0.1204	1.3	1.1	452	128	40	0.486	[tweak] S3/ENEMY_AVOID: starvation_penalty: 0.0014 -> 0.0012
2026-04-09T01:29:47.908818	8623	59b5e7fc	tweak	5	discard	-0.0135	1.3	1.3	452	128	40	0.486	[tweak] S5/MASTERY_SURVIVAL: starvation_grace_steps: 138 -> 135
2026-04-09T01:29:51.170690	8624	6d65c10d	explore	2	keep	0.3796	1.5	2.1	452	128	40	0.486	[explore] S2/WALL_AVOID: survival: 0.1448 -> 0.1641; food_reward: 1.2385 -> 1.4970
2026-04-09T01:29:54.424611	8625	cc581619	tweak	1	keep	0.1265	1.3	1.5	452	128	40	0.486	[tweak] S1/FOOD_VECTOR: food_reward: 1.1763 -> 1.1032
2026-04-09T01:29:57.689230	8626	f9387a61	tweak	4	keep	0.1296	1.3	1.5	452	128	40	0.486	[tweak] S4/MASS_MANAGEMENT: mass_loss_penalty: 2.4295 -> 2.6484
2026-04-09T01:31:01.364959	8628	94e4242a	explore	4	keep	0.1296	1.3	1.5	452	128	40	0.486	[explore] S4/MASS_MANAGEMENT: length_bonus: 0.0122 -> 0.0146; enemy_proximity_penalty: 0.3144 -> 0.3299; death_snake: -36.9756 -> -34.9331
2026-04-09T01:31:04.359914	8629	df02ec67	tweak	3	discard	-0.1204	1.3	1.1	452	128	40	0.486	[tweak] S3/ENEMY_AVOID: food_shaping: 0.0900 -> 0.0908
2026-04-09T01:31:07.337364	8630	262334c6	explore	5	discard	-0.0135	1.3	1.3	452	128	40	0.486	[explore] S5/MASTERY_SURVIVAL: food_reward: 3.8784 -> 3.5766; death_snake: -31.6877 -> -35.4319; wall_proximity_penalty: 0.3813 -> 0.5237
2026-04-09T01:31:10.345438	8631	d217a26d	radical	5	discard	-0.0135	1.3	1.3	452	128	40	0.486	[radical] S5/MASTERY_SURVIVAL: starvation_grace_steps: 138 -> 183; survival: 0.0794 -> 0.1048; enemy_zone_control_reward: 0.0659 -> 0.0395; contest_food_reward: 0.9186 -> 1.1665; death_wall: -23.6640 -> -26.1686
2026-04-09T01:31:13.621532	8632	58401816	radical	2	keep	0.3796	1.5	2.1	452	128	40	0.486	[radical] S2/WALL_AVOID: death_wall: -35.5254 -> -45.4719; starvation_grace_steps: 9 -> 13; starvation_penalty: 0.0090 -> 0.0116; max_steps: 102 -> 100; survival: 0.1641 -> 0.1699
2026-04-09T01:31:16.603713	8633	36f188e0	explore	5	discard	-0.0135	1.3	1.3	452	128	40	0.486	[explore] S5/MASTERY_SURVIVAL: enemy_alert_dist: 1329 -> 1128; max_steps: 4035 -> 3486; food_shaping: 0.0927 -> 0.0721
2026-04-09T01:31:19.608797	8634	602caf23	explore	3	discard	-0.1204	1.3	1.1	452	128	40	0.486	[explore] S3/ENEMY_AVOID: enemy_approach_penalty: 0.8866 -> 1.1851; starvation_penalty: 0.0014 -> 0.0015; starvation_grace_steps: 48 -> 35
2026-04-09T01:31:22.887459	8635	2549da2a	tweak	2	keep	0.3796	1.5	2.1	452	128	40	0.486	[tweak] S2/WALL_AVOID: no effective changes
2026-04-09T01:31:26.166803	8636	4a3d7c98	explore	1	keep	0.1265	1.3	1.5	452	128	40	0.486	[explore] S1/FOOD_VECTOR: wall_proximity_penalty: 0.0043 -> 0.0050; food_shaping: 0.0002 -> 0.0002; death_wall: -15.2193 -> -15.1218
2026-04-09T01:31:29.174351	8637	01b49728	radical	5	discard	-0.0135	1.3	1.3	452	128	40	0.486	[radical] S5/MASTERY_SURVIVAL: enemy_proximity_penalty: 1.7712 -> 0.8517; length_bonus: 0.0061 -> 0.0028; death_wall: -23.6640 -> -22.7340; gamma: 0.9950 -> 0.9854; starvation_penalty: 0.0116 -> 0.0122
2026-04-09T01:31:32.138418	8638	866fe45c	radical	5	discard	-0.0135	1.3	1.3	452	128	40	0.486	[radical] S5/MASTERY_SURVIVAL: enemy_approach_penalty: 0.1034 -> 0.0965; contest_food_reward: 0.9186 -> 0.6166; food_reward: 3.8784 -> 3.9752; survival_escalation: 0.0019 -> 0.0028; kill_opportunity_reward: 10.5263 -> 12.1107
2026-04-09T01:31:35.136977	8639	a489d2b6	radical	5	discard	-0.0135	1.3	1.3	452	128	40	0.486	[radical] S5/MASTERY_SURVIVAL: contest_food_reward: 0.9186 -> 0.6817; starvation_grace_steps: 138 -> 105; food_shaping: 0.0927 -> 0.0660; enemy_approach_penalty: 0.1034 -> 0.1203; max_steps: 4035 -> 2928
2026-04-09T01:32:38.781957	8641	27730455	tweak	4	keep	0.1296	1.3	1.5	452	128	40	0.486	[tweak] S4/MASS_MANAGEMENT: no effective changes
2026-04-09T01:32:42.029762	8642	aff3fe0f	radical	4	keep	0.1296	1.3	1.5	452	128	40	0.486	[radical] S4/MASS_MANAGEMENT: food_reward: 2.2996 -> 2.7339; enemy_approach_penalty: 0.0086 -> 0.0127; length_bonus: 0.0146 -> 0.0069; max_steps: 1691 -> 1883; survival: 0.0126 -> 0.0164
2026-04-09T01:32:45.321717	8643	1d6a6166	explore	1	keep	0.1265	1.3	1.5	452	128	40	0.486	[explore] S1/FOOD_VECTOR: death_snake: -30.5526 -> -36.3523; max_steps: 199 -> 226; survival: 0.0640 -> 0.0639
2026-04-09T01:32:48.321896	8644	41936037	tweak	5	discard	-0.0135	1.3	1.3	452	128	40	0.486	[tweak] S5/MASTERY_SURVIVAL: kill_opportunity_reward: 10.5263 -> 8.7132
2026-04-09T01:32:51.326485	8645	c2c80699	radical	3	discard	-0.1204	1.3	1.1	452	128	40	0.486	[radical] S3/ENEMY_AVOID: enemy_proximity_penalty: 1.1236 -> 1.1584; gamma: 0.9291 -> 0.9425; max_steps: 842 -> 717; boost_penalty: 0.0756 -> 0.0607; death_wall: -5.2937 -> -5.0591
2026-04-09T01:32:54.573991	8646	4dbe6c6a	radical	2	keep	0.3796	1.5	2.1	452	128	40	0.486	[radical] S2/WALL_AVOID: survival_escalation: 0.0002 -> 0.0001; max_steps: 100 -> 105; death_snake: -7.4681 -> -7.3345; death_wall: -45.4719 -> -54.9034; wall_proximity_penalty: 0.0040 -> 0.0063
2026-04-09T01:32:57.576295	8647	a8966759	tweak	5	discard	-0.0135	1.3	1.3	452	128	40	0.486	[tweak] S5/MASTERY_SURVIVAL: gamma: 0.9950 -> 0.9838
2026-04-09T01:33:00.590445	8648	76417173	tweak	5	discard	-0.0135	1.3	1.3	452	128	40	0.486	[tweak] S5/MASTERY_SURVIVAL: enemy_approach_penalty: 0.1034 -> 0.0960
2026-04-09T01:33:03.825436	8649	a37f4311	explore	1	keep	0.1265	1.3	1.5	452	128	40	0.486	[explore] S1/FOOD_VECTOR: max_steps: 226 -> 266; survival: 0.0639 -> 0.0746; gamma: 0.9747 -> 0.9950
2026-04-09T01:33:06.788914	8650	0a86892b	tweak	5	discard	-0.0135	1.3	1.3	452	128	40	0.486	[tweak] S5/MASTERY_SURVIVAL: starvation_grace_steps: 138 -> 148
2026-04-09T01:33:09.749916	8651	7296b2a7	tweak	3	discard	-0.1204	1.3	1.1	452	128	40	0.486	[tweak] S3/ENEMY_AVOID: food_reward: 3.7535 -> 3.8448
2026-04-09T01:33:12.728459	8652	e317bb26	radical	3	discard	-0.1204	1.3	1.1	452	128	40	0.486	[radical] S3/ENEMY_AVOID: enemy_proximity_penalty: 1.1236 -> 1.4653; max_steps: 842 -> 622; enemy_alert_dist: 2395 -> 2501; death_snake: -42.1862 -> -31.1556; death_wall: -5.2937 -> -6.0349
2026-04-09T01:34:16.391045	8654	cf1f622f	explore	1	keep	0.1265	1.3	1.5	452	128	40	0.486	[explore] S1/FOOD_VECTOR: survival: 0.0746 -> 0.0679; food_reward: 1.1032 -> 1.0000; death_snake: -36.3523 -> -37.2088
2026-04-09T01:34:19.675577	8655	26810fc7	explore	4	keep	0.1296	1.3	1.5	452	128	40	0.486	[explore] S4/MASS_MANAGEMENT: enemy_proximity_penalty: 0.3299 -> 0.2923; death_wall: -56.6040 -> -52.5357; starvation_penalty: 0.3452 -> 0.1733
2026-04-09T01:34:22.664833	8656	1190c27e	tweak	5	discard	-0.0135	1.3	1.3	452	128	40	0.486	[tweak] S5/MASTERY_SURVIVAL: wall_proximity_penalty: 0.3813 -> 0.3648
2026-04-09T01:34:25.673673	8657	ed8b2292	explore	5	discard	-0.0135	1.3	1.3	452	128	40	0.486	[explore] S5/MASTERY_SURVIVAL: max_steps: 4035 -> 4838; gamma: 0.9950 -> 0.9703; death_wall: -23.6640 -> -19.5228
2026-04-09T01:34:28.649739	8658	e9830cbb	explore	3	discard	-0.1204	1.3	1.1	452	128	40	0.486	[explore] S3/ENEMY_AVOID: gamma: 0.9291 -> 0.9401; boost_penalty: 0.0756 -> 0.0774; max_steps: 842 -> 848
2026-04-09T01:34:31.931445	8659	6168fc84	radical	1	keep	0.1265	1.3	1.5	452	128	40	0.486	[radical] S1/FOOD_VECTOR: food_shaping: 0.0002 -> 0.0001; wall_proximity_penalty: 0.0050 -> 0.0053; death_wall: -15.1218 -> -13.2027
2026-04-09T01:34:34.953325	8660	c7d98389	radical	5	discard	-0.0135	1.3	1.3	452	128	40	0.486	[radical] S5/MASTERY_SURVIVAL: food_shaping: 0.0927 -> 0.1232; starvation_penalty: 0.0116 -> 0.0121; enemy_approach_penalty: 0.1034 -> 0.1649; survival_escalation: 0.0019 -> 0.0029; food_reward: 3.8784 -> 4.0793
2026-04-09T01:35:38.318978	8662	c34aff12	tweak	5	discard	-0.0135	1.3	1.3	452	128	40	0.486	[tweak] S5/MASTERY_SURVIVAL: enemy_alert_dist: 1329 -> 1283
2026-04-09T01:35:41.592675	8663	310b88a2	radical	2	keep	0.3796	1.5	2.1	452	128	40	0.486	[radical] S2/WALL_AVOID: wall_proximity_penalty: 0.0063 -> 0.0047; starvation_grace_steps: 13 -> 10; survival: 0.1699 -> 0.2004; death_snake: -7.3345 -> -6.2540; food_shaping: 0.1213 -> 0.1331
2026-04-09T01:35:44.853042	8664	f60102ec	tweak	1	keep	0.1265	1.3	1.5	452	128	40	0.486	[tweak] S1/FOOD_VECTOR: survival: 0.0679 -> 0.0619
2026-04-09T01:35:48.127504	8665	f8d2d6fe	radical	1	keep	0.1265	1.3	1.5	452	128	40	0.486	[radical] S1/FOOD_VECTOR: survival: 0.0619 -> 0.0471; gamma: 0.9950 -> 0.9567; death_wall: -13.2027 -> -16.3498; death_snake: -37.2088 -> -27.1213
2026-04-09T01:35:51.409355	8666	2ce1bbc4	tweak	4	keep	0.1296	1.3	1.5	452	128	40	0.486	[tweak] S4/MASS_MANAGEMENT: starvation_grace_steps: 13 -> 14
2026-04-09T01:35:54.663693	8667	84bd277e	tweak	1	keep	0.1265	1.3	1.5	452	128	40	0.486	[tweak] S1/FOOD_VECTOR: wall_proximity_penalty: 0.0053 -> 0.0061
2026-04-09T01:35:57.946242	8668	42c165e2	tweak	4	keep	0.1296	1.3	1.5	452	128	40	0.486	[tweak] S4/MASS_MANAGEMENT: max_steps: 1883 -> 1980
2026-04-09T01:37:01.330589	8670	b5a50223	radical	3	discard	-0.1204	1.3	1.1	452	128	40	0.486	[radical] S3/ENEMY_AVOID: starvation_grace_steps: 48 -> 39; max_steps: 842 -> 865; food_shaping: 0.0900 -> 0.1360; enemy_approach_penalty: 0.8866 -> 0.7148; food_reward: 3.7535 -> 3.8084
2026-04-09T01:37:04.329737	8671	b16a7561	explore	5	discard	-0.0135	1.3	1.3	452	128	40	0.486	[explore] S5/MASTERY_SURVIVAL: starvation_penalty: 0.0116 -> 0.0065; death_wall: -23.6640 -> -26.0281; death_snake: -31.6877 -> -33.5753
2026-04-09T01:37:07.605983	8672	762fb58a	tweak	1	keep	0.1265	1.3	1.5	452	128	40	0.486	[tweak] S1/FOOD_VECTOR: food_shaping: 0.0001 -> 0.0001
2026-04-09T01:37:10.871367	8673	a2c8a6b3	tweak	2	keep	0.3796	1.5	2.1	452	128	40	0.486	[tweak] S2/WALL_AVOID: wall_proximity_penalty: 0.0047 -> 0.0041
2026-04-09T01:37:14.142441	8674	41576dbc	radical	2	keep	0.3796	1.5	2.1	452	128	40	0.486	[radical] S2/WALL_AVOID: death_snake: -6.2540 -> -5.9007; max_steps: 105 -> 119; death_wall: -54.9034 -> -65.5060; survival: 0.2004 -> 0.1177; food_reward: 1.4970 -> 1.0000
2026-04-09T01:37:17.125809	8675	061480ae	tweak	5	discard	-0.0135	1.3	1.3	452	128	40	0.486	[tweak] S5/MASTERY_SURVIVAL: length_bonus: 0.0061 -> 0.0066
2026-04-09T01:37:20.124240	8676	2d5a5245	radical	5	discard	-0.0135	1.3	1.3	452	128	40	0.486	[radical] S5/MASTERY_SURVIVAL: survival_escalation: 0.0019 -> 0.0014; max_steps: 4035 -> 4286; enemy_zone_control_reward: 0.0659 -> 0.0199; enemy_alert_dist: 1329 -> 1058; death_wall: -23.6640 -> -16.8164
2026-04-09T01:37:23.404234	8677	52d6c89f	explore	2	keep	0.3796	1.5	2.1	452	128	40	0.486	[explore] S2/WALL_AVOID: food_shaping: 0.1331 -> 0.1698; death_wall: -65.5060 -> -60.9839; survival_escalation: 0.0001 -> 0.0001
2026-04-09T01:37:26.377513	8678	56c821ae	radical	3	discard	-0.1204	1.3	1.1	452	128	40	0.486	[radical] S3/ENEMY_AVOID: enemy_approach_penalty: 0.8866 -> 1.1284; death_wall: -5.2937 -> -6.6097; starvation_penalty: 0.0014 -> 0.0008; max_steps: 842 -> 829; food_shaping: 0.0900 -> 0.0686
2026-04-09T01:37:29.681495	8679	c8bd8d3f	tweak	4	keep	0.1296	1.3	1.5	452	128	40	0.486	[tweak] S4/MASS_MANAGEMENT: starvation_grace_steps: 14 -> 16
2026-04-09T01:37:32.965854	8680	b645fde1	tweak	4	keep	0.1296	1.3	1.5	452	128	40	0.486	[tweak] S4/MASS_MANAGEMENT: food_reward: 2.7339 -> 2.5713
2026-04-09T01:37:36.253061	8681	94f310f0	radical	4	keep	0.1296	1.3	1.5	452	128	40	0.486	[radical] S4/MASS_MANAGEMENT: starvation_penalty: 0.1733 -> 0.0536; food_reward: 2.5713 -> 3.5630; enemy_approach_penalty: 0.0127 -> 0.0134; death_snake: -34.9331 -> -25.1679; length_bonus: 0.0069 -> 0.0056
2026-04-09T01:38:39.891146	8683	526d2f62	explore	4	keep	0.1296	1.3	1.5	452	128	40	0.486	[explore] S4/MASS_MANAGEMENT: max_steps: 1980 -> 2151; mass_loss_penalty: 2.6484 -> 1.5911; starvation_grace_steps: 16 -> 15
2026-04-09T01:39:43.517166	8685	e855f87e	radical	4	keep	0.1296	1.3	1.5	452	128	40	0.486	[radical] S4/MASS_MANAGEMENT: survival: 0.0164 -> 0.0180; food_shaping: 0.0927 -> 0.0760; food_reward: 3.5630 -> 2.0472; death_snake: -25.1679 -> -33.9484; max_steps: 2151 -> 1960
2026-04-09T01:39:46.515703	8686	7ddf6b1f	radical	3	discard	-0.1204	1.3	1.1	452	128	40	0.486	[radical] S3/ENEMY_AVOID: death_wall: -5.2937 -> -5.0000; enemy_alert_dist: 2395 -> 1593; food_reward: 3.7535 -> 3.8127; food_shaping: 0.0900 -> 0.1118; starvation_penalty: 0.0014 -> 0.0015
2026-04-09T01:39:49.514489	8687	e288f825	explore	5	discard	-0.0135	1.3	1.3	452	128	40	0.486	[explore] S5/MASTERY_SURVIVAL: enemy_alert_dist: 1329 -> 1317; wall_proximity_penalty: 0.3813 -> 0.3727; max_steps: 4035 -> 3524
2026-04-09T01:39:52.782293	8688	23585801	explore	4	keep	0.1296	1.3	1.5	452	128	40	0.486	[explore] S4/MASS_MANAGEMENT: survival_escalation: 0.0005 -> 0.0005; food_reward: 2.0472 -> 1.8950; starvation_penalty: 0.0536 -> 0.0801
2026-04-09T01:40:56.440392	8690	0a12d895	explore	4	keep	0.1296	1.3	1.5	452	128	40	0.486	[explore] S4/MASS_MANAGEMENT: length_bonus: 0.0056 -> 0.0034; survival: 0.0180 -> 0.0128
2026-04-09T01:40:59.721938	8691	6ff091c7	radical	1	keep	0.1265	1.3	1.5	452	128	40	0.486	[radical] S1/FOOD_VECTOR: max_steps: 266 -> 207; death_snake: -27.1213 -> -18.7785; wall_proximity_penalty: 0.0061 -> 0.0047; survival: 0.0471 -> 0.0461
2026-04-09T01:41:02.977759	8692	9325517e	explore	4	keep	0.1296	1.3	1.5	452	128	40	0.486	[explore] S4/MASS_MANAGEMENT: death_snake: -33.9484 -> -37.3841; mass_loss_penalty: 1.5911 -> 2.0550; survival: 0.0128 -> 0.0094
2026-04-09T01:42:06.628337	8694	ea59b7ba	tweak	4	keep	0.1296	1.3	1.5	452	128	40	0.486	[tweak] S4/MASS_MANAGEMENT: food_shaping: 0.0760 -> 0.0822
2026-04-09T01:43:10.293239	8696	8afb8219	radical	1	keep	0.1265	1.3	1.5	452	128	40	0.486	[radical] S1/FOOD_VECTOR: max_steps: 207 -> 166; death_wall: -16.3498 -> -20.8289; wall_proximity_penalty: 0.0047 -> 0.0026; survival: 0.0461 -> 0.0255; death_snake: -18.7785 -> -25.1937
2026-04-09T01:43:13.282238	8697	92f89e53	radical	3	discard	-0.1204	1.3	1.1	452	128	40	0.486	[radical] S3/ENEMY_AVOID: enemy_proximity_penalty: 1.1236 -> 1.4991; death_wall: -5.2937 -> -5.0000; death_snake: -42.1862 -> -32.3363; enemy_alert_dist: 2395 -> 2632; food_reward: 3.7535 -> 5.1767
2026-04-09T01:43:16.533909	8698	2a5fb2ab	radical	2	keep	0.3796	1.5	2.1	452	128	40	0.486	[radical] S2/WALL_AVOID: death_snake: -5.9007 -> -5.2969; death_wall: -60.9839 -> -65.1962; food_shaping: 0.1698 -> 0.1687; gamma: 0.8733 -> 0.8842; wall_proximity_penalty: 0.0041 -> 0.0055
2026-04-09T01:43:19.525145	8699	32d4f1e7	explore	3	discard	-0.1204	1.3	1.1	452	128	40	0.486	[explore] S3/ENEMY_AVOID: starvation_grace_steps: 48 -> 54; food_shaping: 0.0900 -> 0.1065; survival: 0.3055 -> 0.2609
2026-04-09T01:43:22.803357	8700	e784b70d	radical	2	keep	0.3796	1.5	2.1	452	128	40	0.486	[radical] S2/WALL_AVOID: survival_escalation: 0.0001 -> 0.0001; death_wall: -65.1962 -> -48.3078; max_steps: 119 -> 143; starvation_grace_steps: 10 -> 9; gamma: 0.8842 -> 0.8945
2026-04-09T01:43:25.755433	8701	6c260028	radical	3	discard	-0.1204	1.3	1.1	452	128	40	0.486	[radical] S3/ENEMY_AVOID: gamma: 0.9291 -> 0.9484; max_steps: 842 -> 830; enemy_proximity_penalty: 1.1236 -> 0.6528; boost_penalty: 0.0756 -> 0.1067; death_snake: -42.1862 -> -55.3961
2026-04-09T01:43:29.032406	8702	6b228052	tweak	2	keep	0.3796	1.5	2.1	452	128	40	0.486	[tweak] S2/WALL_AVOID: death_wall: -48.3078 -> -43.9025
2026-04-09T01:43:32.269501	8703	1c20dae8	explore	2	keep	0.3796	1.5	2.1	452	128	40	0.486	[explore] S2/WALL_AVOID: food_shaping: 0.1687 -> 0.2207; death_wall: -43.9025 -> -53.7155; starvation_grace_steps: 9 -> 7
2026-04-09T01:43:35.543536	8704	5f896f8d	tweak	2	keep	0.3796	1.5	2.1	452	128	40	0.486	[tweak] S2/WALL_AVOID: starvation_penalty: 0.0116 -> 0.0099
2026-04-09T01:43:38.543438	8705	6fc8f071	explore	3	discard	-0.1204	1.3	1.1	452	128	40	0.486	[explore] S3/ENEMY_AVOID: food_reward: 3.7535 -> 3.5384; max_steps: 842 -> 846; enemy_proximity_penalty: 1.1236 -> 1.4265
2026-04-09T01:43:41.817136	8706	880bf45a	radical	2	keep	0.3796	1.5	2.1	452	128	40	0.486	[radical] S2/WALL_AVOID: death_snake: -5.2969 -> -7.2441; death_wall: -53.7155 -> -35.8729; wall_proximity_penalty: 0.0055 -> 0.0053; starvation_penalty: 0.0099 -> 0.0085; survival_escalation: 0.0001 -> 0.0002
2026-04-09T01:43:45.096834	8707	b1055759	tweak	1	keep	0.1265	1.3	1.5	452	128	40	0.486	[tweak] S1/FOOD_VECTOR: death_snake: -25.1937 -> -24.9801
2026-04-09T01:43:48.104752	8708	a4ff5aae	explore	5	discard	-0.0135	1.3	1.3	452	128	40	0.486	[explore] S5/MASTERY_SURVIVAL: survival_escalation: 0.0019 -> 0.0014; starvation_grace_steps: 138 -> 97; wall_proximity_penalty: 0.3813 -> 0.4167
2026-04-09T01:43:51.097535	8709	29f2c8c1	explore	3	discard	-0.1204	1.3	1.1	452	128	40	0.486	[explore] S3/ENEMY_AVOID: food_shaping: 0.0900 -> 0.1057; enemy_approach_penalty: 0.8866 -> 0.9879; enemy_proximity_penalty: 1.1236 -> 1.3892
2026-04-09T01:43:54.393889	8710	7ffa5f0d	radical	1	keep	0.1265	1.3	1.5	452	128	40	0.486	[radical] S1/FOOD_VECTOR: food_reward: 1.0000 -> 1.2993; food_shaping: 0.0001 -> 0.0002; death_wall: -20.8289 -> -18.4633; death_snake: -24.9801 -> -16.6490; gamma: 0.9567 -> 0.9734
2026-04-09T01:43:57.657734	8711	b17d4d75	explore	4	keep	0.1296	1.3	1.5	452	128	40	0.486	[explore] S4/MASS_MANAGEMENT: death_snake: -37.3841 -> -36.0145; enemy_proximity_penalty: 0.2923 -> 0.2111
2026-04-09T01:44:00.921479	8712	d51a1bd8	tweak	1	keep	0.1265	1.3	1.5	452	128	40	0.486	[tweak] S1/FOOD_VECTOR: food_shaping: 0.0002 -> 0.0001
2026-04-09T01:44:03.912322	8713	898bce07	explore	5	discard	-0.0135	1.3	1.3	452	128	40	0.486	[explore] S5/MASTERY_SURVIVAL: contest_food_reward: 0.9186 -> 1.1557; enemy_approach_penalty: 0.1034 -> 0.0789; boost_penalty: 6.0475 -> 3.6586
2026-04-09T01:44:07.182059	8714	d52d5fa2	explore	4	keep	0.1296	1.3	1.5	452	128	40	0.486	[explore] S4/MASS_MANAGEMENT: food_shaping: 0.0822 -> 0.0595; wall_proximity_penalty: 0.1884 -> 0.1438; death_wall: -52.5357 -> -53.7121
2026-04-09T01:44:10.177277	8715	621e3e62	explore	3	discard	-0.1204	1.3	1.1	452	128	40	0.486	[explore] S3/ENEMY_AVOID: survival: 0.3055 -> 0.2782; max_steps: 842 -> 888; gamma: 0.9291 -> 0.9020
2026-04-09T01:44:13.174542	8716	f7d2c80f	explore	3	discard	-0.1204	1.3	1.1	452	128	40	0.486	[explore] S3/ENEMY_AVOID: food_reward: 3.7535 -> 2.7763; boost_penalty: 0.0756 -> 0.1011; max_steps: 842 -> 705
2026-04-09T01:45:16.822740	8718	a8a25922	radical	2	keep	0.3796	1.5	2.1	452	128	40	0.486	[radical] S2/WALL_AVOID: starvation_penalty: 0.0085 -> 0.0143; survival: 0.1177 -> 0.1289; survival_escalation: 0.0002 -> 0.0001; food_shaping: 0.2207 -> 0.1874; food_reward: 1.0000 -> 1.1479
2026-04-09T01:45:20.078078	8719	f8edd7ca	tweak	4	keep	0.1296	1.3	1.5	452	128	40	0.486	[tweak] S4/MASS_MANAGEMENT: food_shaping: 0.0595 -> 0.0621
2026-04-09T01:45:23.367335	8720	c8667c0e	radical	1	keep	0.1265	1.3	1.5	452	128	40	0.486	[radical] S1/FOOD_VECTOR: food_shaping: 0.0001 -> 0.0001; death_snake: -16.6490 -> -22.0421; max_steps: 166 -> 131; gamma: 0.9734 -> 0.9798; death_wall: -18.4633 -> -21.4186
2026-04-09T01:46:26.770401	8722	5e8afbf3	tweak	5	discard	-0.0135	1.3	1.3	452	128	40	0.486	[tweak] S5/MASTERY_SURVIVAL: enemy_proximity_penalty: 1.7712 -> 2.1087
2026-04-09T01:46:30.044232	8723	64bddadf	radical	1	keep	0.1265	1.3	1.5	452	128	40	0.486	[radical] S1/FOOD_VECTOR: death_wall: -21.4186 -> -25.0949; survival: 0.0255 -> 0.0152; gamma: 0.9798 -> 0.9950; wall_proximity_penalty: 0.0026 -> 0.0032; max_steps: 131 -> 125
2026-04-09T01:46:33.306348	8724	dfcfb567	tweak	2	keep	0.3796	1.5	2.1	452	128	40	0.486	[tweak] S2/WALL_AVOID: death_wall: -35.8729 -> -36.9967
2026-04-09T01:46:36.284529	8725	542fb975	tweak	5	discard	-0.0135	1.3	1.3	452	128	40	0.486	[tweak] S5/MASTERY_SURVIVAL: enemy_approach_penalty: 0.1034 -> 0.0846
2026-04-09T01:46:39.294324	8726	579d8ad3	explore	5	discard	-0.0135	1.3	1.3	452	128	40	0.486	[explore] S5/MASTERY_SURVIVAL: enemy_zone_control_reward: 0.0659 -> 0.0422; survival: 0.0794 -> 0.1014; survival_escalation: 0.0019 -> 0.0023
2026-04-09T01:46:42.286338	8727	11259d8e	explore	5	discard	-0.0135	1.3	1.3	452	128	40	0.486	[explore] S5/MASTERY_SURVIVAL: survival: 0.0794 -> 0.0823; starvation_grace_steps: 138 -> 111; death_wall: -23.6640 -> -21.8937
2026-04-09T01:46:45.288026	8728	3bafd98d	tweak	5	discard	-0.0135	1.3	1.3	452	128	40	0.486	[tweak] S5/MASTERY_SURVIVAL: death_snake: -31.6877 -> -30.0496
2026-04-09T01:46:48.283409	8729	a997d5e9	explore	3	discard	-0.1204	1.3	1.1	452	128	40	0.486	[explore] S3/ENEMY_AVOID: starvation_grace_steps: 48 -> 52; food_reward: 3.7535 -> 3.1048; gamma: 0.9291 -> 0.9042
2026-04-09T01:47:51.667214	8731	b0f10544	tweak	5	discard	-0.0135	1.3	1.3	452	128	40	0.486	[tweak] S5/MASTERY_SURVIVAL: gamma: 0.9950 -> 0.9913
2026-04-09T01:47:54.937859	8732	4b9fa5ee	explore	2	keep	0.3796	1.5	2.1	452	128	40	0.486	[explore] S2/WALL_AVOID: death_snake: -7.2441 -> -9.0062; wall_proximity_penalty: 0.0053 -> 0.0054; max_steps: 143 -> 129
2026-04-09T01:47:57.932338	8733	4509f6bc	explore	5	discard	-0.0135	1.3	1.3	452	128	40	0.486	[explore] S5/MASTERY_SURVIVAL: survival_escalation: 0.0019 -> 0.0016; starvation_grace_steps: 138 -> 166; death_snake: -31.6877 -> -39.4053
2026-04-09T01:48:00.913941	8734	92ba9424	tweak	3	discard	-0.1204	1.3	1.1	452	128	40	0.486	[tweak] S3/ENEMY_AVOID: food_shaping: 0.0900 -> 0.0743
2026-04-09T01:50:04.628036	8737	c82b9582	explore	5	discard	-0.0135	1.3	1.3	452	128	40	0.486	[explore] S5/MASTERY_SURVIVAL: starvation_grace_steps: 138 -> 120; max_steps: 4035 -> 4257; death_wall: -23.6640 -> -20.4689
2026-04-09T01:51:08.274620	8739	ad898698	tweak	4	keep	0.1296	1.3	1.5	452	128	40	0.486	[tweak] S4/MASS_MANAGEMENT: wall_proximity_penalty: 0.1438 -> 0.1528
2026-04-09T01:51:11.280930	8740	bee80faf	explore	5	discard	-0.0135	1.3	1.3	452	128	40	0.486	[explore] S5/MASTERY_SURVIVAL: food_shaping: 0.0927 -> 0.0997; kill_opportunity_reward: 10.5263 -> 14.5149; survival: 0.0794 -> 0.0989
2026-04-09T01:51:14.533028	8741	011c9ac2	explore	1	keep	0.1265	1.3	1.5	452	128	40	0.486	[explore] S1/FOOD_VECTOR: survival: 0.0152 -> 0.0150; max_steps: 125 -> 115; food_reward: 1.2993 -> 1.0797
2026-04-09T01:51:17.797094	8742	20447c6b	radical	4	keep	0.1296	1.3	1.5	452	128	40	0.486	[radical] S4/MASS_MANAGEMENT: survival: 0.0094 -> 0.0083; food_reward: 1.8950 -> 1.4918; starvation_penalty: 0.0801 -> 0.1179; mass_loss_penalty: 2.0550 -> 1.4476; survival_escalation: 0.0005 -> 0.0005
2026-04-09T01:51:20.809794	8743	52081d5f	tweak	3	discard	-0.1204	1.3	1.1	452	128	40	0.486	[tweak] S3/ENEMY_AVOID: starvation_grace_steps: 48 -> 46
2026-04-09T01:51:23.810296	8744	d2f64e05	radical	3	discard	-0.1204	1.3	1.1	452	128	40	0.486	[radical] S3/ENEMY_AVOID: boost_penalty: 0.0756 -> 0.0345; starvation_grace_steps: 48 -> 62; food_shaping: 0.0900 -> 0.0482; food_reward: 3.7535 -> 4.2040; enemy_alert_dist: 2395 -> 2166
2026-04-09T01:51:26.774985	8745	d8df07db	radical	3	discard	-0.1204	1.3	1.1	452	128	40	0.486	[radical] S3/ENEMY_AVOID: death_snake: -42.1862 -> -55.6862; death_wall: -5.2937 -> -5.1080; gamma: 0.9291 -> 0.9457; enemy_proximity_penalty: 1.1236 -> 0.8779; food_reward: 3.7535 -> 2.4345
